-4.832372971860505323e-02,-9.985638819222376862e-05,7.611888003113732593e-01,-7.178947282911515813e-20,8.726535498374586933e-03,-6.896486261379066475e-21,9.999619230641713097e-01,-3.741558648338141890e-01,1.322572122240555400e-04,-7.775652151754382311e-05,5.833517689389423611e-01,-2.266491973998205900e-01,-1.534211071839634399e-04,-3.741593935931903925e-01,1.502205200426641051e-04,-8.836139153439369570e-05,5.833591018691091090e-01,-2.266530030621727310e-01,-1.742810239284353852e-04,0.000000000000000000e+00,4.979999999999999982e-01,2.999999999999999889e-01,0.000000000000000000e+00,5.010000000000000009e-01,0.000000000000000000e+00,4.979999999999999982e-01,-2.999999999999999889e-01,0.000000000000000000e+00,5.010000000000000009e-01,0.000000000000000000e+00
-4.832372971860249278e-02,-9.985638819221970286e-05,7.611888003113719270e-01,-1.068738390939449596e-19,8.726535498374935612e-03,-2.633264274748311386e-20,9.999619230641713097e-01,-3.741558648338188520e-01,1.322572122240463514e-04,-7.775652151753909328e-05,5.833517689389589034e-01,-2.266491973998333020e-01,-1.534211071839530587e-04,-3.741593935931949444e-01,1.502205200426517994e-04,-8.836139153438720404e-05,5.833591018691256513e-01,-2.266530030621853875e-01,-1.742810239284213990e-04,0.000000000000000000e+00,4.979999999999999982e-01,2.999999999999999889e-01,0.000000000000000000e+00,5.010000000000000009e-01,0.000000000000000000e+00,4.979999999999999982e-01,-2.999999999999999889e-01,0.000000000000000000e+00,5.010000000000000009e-01,0.000000000000000000e+00
-4.853637185720668934e-02,-9.985252069383187472e-05,7.608267328189781686e-01,1.609582260527591175e-09,8.789850882418771827e-03,-1.554933766861132580e-11,9.999613685145366526e-01,-3.763824051650213609e-01,1.321439991236900439e-04,-7.806580339120216205e-05,5.869358701911820964e-01,-2.281333938071840317e-01,-1.534884937138116326e-04,-3.763859204079916809e-01,1.500930908460268692e-04,-8.871361250984292402e-05,5.869431733146746044e-01,-2.281371831839619502e-01,-1.743586835858782511e-04,0.000000000000000000e+00,4.979999999999999982e-01,2.999999999999999889e-01,0.000000000000000000e+00,5.010000000000000009e-01,0.000000000000000000e+00,4.979999999999999982e-01,-2.999999999999999889e-01,0.000000000000000000e+00,5.010000000000000009e-01,0.000000000000000000e+00
-5.021024988516093607e-02,-9.982207649019927314e-05,7.579766071377538328e-01,1.427990358206890000e-08,9.288256160403780479e-03,-1.379507264416349004e-10,9.999568632183583050e-01,-3.939093025296353523e-01,1.312528073665361443e-04,-8.050041083151880693e-05,6.151492260920988775e-01,-2.398167025422068555e-01,-1.540189475197447006e-04,-3.939127113740600317e-01,1.490899927125607092e-04,-9.148622830308722139e-05,6.151562945831836604e-01,-2.398203637220765183e-01,-1.749700054769570093e-04,0.000000000000000000e+00,4.979999999999999982e-01,2.999999999999999889e-01,0.000000000000000000e+00,5.010000000000000009e-01,0.000000000000000000e+00,4.979999999999999982e-01,-2.999999999999999889e-01,0.000000000000000000e+00,5.010000000000000009e-01,0.000000000000000000e+00
-5.192464472670401537e-02,-9.979090260986750904e-05,7.554275850931267966e-01,2.932344922967255165e-08,9.921506383792343467e-03,-3.002661099629068731e-10,9.999507806442653468e-01,-4.101492680249431699e-01,1.304168443871578300e-04,-8.269138524157668808e-05,6.398731033959432768e-01,-2.495671723652762852e-01,-1.544850716777740362e-04,-4.101525945724066036e-01,1.481487423179727073e-04,-9.398242857271730882e-05,6.398799875822885896e-01,-2.495707315699398632e-01,-1.755066070737492582e-04,0.000000000000000000e+00,4.979999999999999982e-01,2.999999999999999889e-01,0.000000000000000000e+00,5.010000000000000009e-01,0.000000000000000000e+00,4.979999999999999982e-01,-2.999999999999999889e-01,0.000000000000000000e+00,5.010000000000000009e-01,0.000000000000000000e+00
-5.375799303762646142e-02,-9.975758646889871357e-05,7.537625743772152775e-01,5.133453863264116695e-08,1.095064753012540103e-02,-5.797649803466226190e-10,9.999400398617250829e-01,-4.226109252785818504e-01,1.297430277895917619e-04,-8.416707649786066747e-05,6.543522070199235818e-01,-2.536430129674612788e-01,-1.547623301742595894e-04,-4.226142402890187832e-01,1.473890709386419993e-04,-9.566709943981584207e-05,6.543590546587250145e-01,-2.536465471813154071e-01,-1.758238370701826190e-04,0.000000000000000000e+00,4.979999999999999982e-01,2.999999999999999889e-01,0.000000000000000000e+00,5.010000000000000009e-01,0.000000000000000000e+00,4.979999999999999982e-01,-2.999999999999999889e-01,0.000000000000000000e+00,5.010000000000000009e-01,0.000000000000000000e+00
-5.647368969363689151e-02,-9.970385878941073689e-05,7.498043820379333146e-01,7.498701559229624204e-08,1.219009129973869579e-02,-9.378301588154700694e-10,9.999256980766613179e-01,-4.462638517842791863e-01,1.284459494843185690e-04,-8.727704163823685603e-05,6.876720343466607988e-01,-2.657889662948820231e-01,-1.555097570514215699e-04,-4.462670953649183758e-01,1.459304922911202837e-04,-9.921416417987291927e-05,6.876787125838735859e-01,-2.657924025795778689e-01,-1.766873211183594668e-04,0.000000000000000000e+00,4.979999999999999982e-01,2.999999999999999889e-01,0.000000000000000000e+00,5.010000000000000009e-01,0.000000000000000000e+00,4.979999999999999982e-01,-2.999999999999999889e-01,0.000000000000000000e+00,5.010000000000000009e-01,0.000000000000000000e+00
-6.062226350897386568e-02,-9.961698407962155924e-05,7.421222097211209734e-01,1.013049295038108693e-07,1.377104650930310696e-02,-1.423480951901812743e-09,9.999051746430901444e-01,-4.880906822638648168e-01,1.261367341129670573e-04,-9.304096281948496432e-05,7.515879893922871036e-01,-2.910402654435472192e-01,-1.570207072439036707e-04,-4.880937571526844931e-01,1.433369330357090355e-04,-1.057856372016340317e-04,7.515942824814578760e-01,-2.910434853518811260e-01,-1.784378867350463246e-04,0.000000000000000000e+00,4.979999999999999982e-01,2.999999999999999889e-01,0.000000000000000000e+00,5.010000000000000009e-01,0.000000000000000000e+00,4.979999999999999982e-01,-2.999999999999999889e-01,0.000000000000000000e+00,5.010000000000000009e-01,0.000000000000000000e+00
-6.491974200216753255e-02,-9.952143686998477954e-05,7.341994397725454258e-01,1.269957006790338401e-07,1.563342527262377712e-02,-2.022778748828916911e-09,9.998777905395385135e-01,-5.296726954174193480e-01,1.237377255041161863e-04,-9.871486933526321737e-05,8.125523726762510224e-01,-3.141477938911826917e-01,-1.586196432110699981e-04,-5.296756372284159298e-01,1.406386011356472324e-04,-1.122580063460490066e-04,8.125583522574248985e-01,-3.141508334423458448e-01,-1.802876628680285642e-04,0.000000000000000000e+00,4.979999999999999982e-01,2.999999999999999889e-01,0.000000000000000000e+00,5.010000000000000009e-01,0.000000000000000000e+00,4.979999999999999982e-01,-2.999999999999999889e-01,0.000000000000000000e+00,5.010000000000000009e-01,0.000000000000000000e+00
-6.936135306562168923e-02,-9.941749509738589984e-05,7.260437828820434092e-01,1.520791519661242840e-07,1.776817793920013391e-02,-2.732076450428349323e-09,9.998421334654276071e-01,-5.710177371678382130e-01,1.212518013577612038e-04,-1.043016459819060313e-04,8.706597763781087629e-01,-3.351802553520987216e-01,-1.603037451786208352e-04,-5.710205803736482233e-01,1.378388543520247178e-04,-1.186344477011541876e-04,8.706655117954055223e-01,-3.351831494109366316e-01,-1.822334700116972478e-04,0.000000000000000000e+00,4.979999999999999982e-01,2.999999999999999889e-01,0.000000000000000000e+00,5.010000000000000009e-01,0.000000000000000000e+00,4.979999999999999982e-01,-2.999999999999999889e-01,0.000000000000000000e+00,5.010000000000000009e-01,0.000000000000000000e+00
-7.418110867633681549e-02,-9.929337047508771379e-05,7.165981703285322357e-01,1.731775204673479900e-07,2.023999524208041495e-02,-3.545292148788003933e-09,9.997951503145885432e-01,-6.161071275333254160e-01,1.183661222823814436e-04,-1.104333557890232206e-04,9.324046094340118218e-01,-3.567802244654043053e-01,-1.623415418997590706e-04,-6.161098827202647898e-01,1.345858445652088652e-04,-1.256370723494262581e-04,9.324101158429314307e-01,-3.567829775991042118e-01,-1.845882539991030701e-04,0.000000000000000000e+00,4.979999999999999982e-01,2.999999999999999889e-01,0.000000000000000000e+00,5.010000000000000009e-01,0.000000000000000000e+00,4.979999999999999982e-01,-2.999999999999999889e-01,0.000000000000000000e+00,5.010000000000000009e-01,0.000000000000000000e+00
-7.921805597295626666e-02,-9.915765360008006366e-05,7.064116568491181081e-01,1.919862533007685094e-07,2.290532095380456989e-02,-4.418177743324331350e-09,9.997376387192623559e-01,-6.633471277494921159e-01,1.152508393488676814e-04,-1.168780542474006132e-04,9.962386420287826505e-01,-3.787061481499945925e-01,-1.645824872855642794e-04,-6.633498009979336141e-01,1.310724979401793860e-04,-1.329993526005971219e-04,9.962439281340614849e-01,-3.787087629817731949e-01,-1.871779385578128897e-04,0.000000000000000000e+00,4.979999999999999982e-01,2.999999999999999889e-01,0.000000000000000000e+00,5.010000000000000009e-01,0.000000000000000000e+00,4.979999999999999982e-01,-2.999999999999999889e-01,0.000000000000000000e+00,5.010000000000000009e-01,0.000000000000000000e+00
-8.447228129371359140e-02,-9.899902580300761737e-05,6.952850325866084535e-01,2.030983923788419997e-07,2.593502001694492770e-02,-5.292382251223956583e-09,9.996636307962191159e-01,-7.124472438923121764e-01,1.117347839309223854e-04,-1.236021202825399504e-04,1.059665650013023708e+00,-3.990942454212531021e-01,-1.671589519787939596e-04,-7.124498513021895185e-01,1.271033707440548334e-04,-1.406881176714591436e-04,1.059670741801890248e+00,-3.990967318274442066e-01,-1.901581951043502150e-04,0.000000000000000000e+00,4.979999999999999982e-01,2.999999999999999889e-01,0.000000000000000000e+00,5.010000000000000009e-01,0.000000000000000000e+00,4.979999999999999982e-01,-2.999999999999999889e-01,0.000000000000000000e+00,5.010000000000000009e-01,0.000000000000000000e+00
-8.979429039491013120e-02,-9.883325053247545575e-05,6.838651238874295935e-01,2.118079224385245952e-07,2.907819428687115695e-02,-6.166957267641571599e-09,9.995771399031543325e-01,-7.621276565932588731e-01,1.080937003413588092e-04,-1.304133400487582351e-04,1.122965679362665226e+00,-4.190025901341544734e-01,-1.698400879435791634e-04,-7.621302031872355665e-01,1.229920546161127840e-04,-1.484787355432314222e-04,1.122970584942301953e+00,-4.190049511958577888e-01,-1.932602975944599014e-04,0.000000000000000000e+00,4.979999999999999982e-01,2.999999999999999889e-01,0.000000000000000000e+00,5.010000000000000009e-01,0.000000000000000000e+00,4.979999999999999982e-01,-2.999999999999999889e-01,0.000000000000000000e+00,5.010000000000000009e-01,0.000000000000000000e+00
-9.525844523334929537e-02,-9.863677513237237326e-05,6.714437987736943114e-01,2.095346431359981329e-07,3.257141408150653755e-02,-6.817251527849879034e-09,9.994694107298568442e-01,-8.136625948677994602e-01,1.039063391037240005e-04,-1.375425937042445046e-04,1.185390536225958025e+00,-4.368822707547816431e-01,-1.729480601595413279e-04,-8.136650934911492383e-01,1.182584537704998588e-04,-1.566436439629075050e-04,1.185395273320760889e+00,-4.368845113327625151e-01,-1.968609250227514940e-04,0.000000000000000000e+00,4.979999999999999982e-01,2.999999999999999889e-01,0.000000000000000000e+00,5.010000000000000009e-01,0.000000000000000000e+00,4.979999999999999982e-01,-2.999999999999999889e-01,0.000000000000000000e+00,5.010000000000000009e-01,0.000000000000000000e+00
-1.007402526779016816e-01,-9.843587911390482990e-05,6.588856189994314327e-01,2.056787217503848390e-07,3.611238371952658899e-02,-7.430471012757719697e-09,9.993477351463060376e-01,-8.654440951283449701e-01,9.964053357122996599e-05,-1.447148613430153288e-04,1.247664730300401592e+00,-4.544610847165523881e-01,-1.761164786737587037e-04,-8.654465475706344391e-01,1.134354713678535094e-04,-1.648593194512880692e-04,1.247669301368563577e+00,-4.544632054766896689e-01,-2.005322162757461021e-04,0.000000000000000000e+00,4.979999999999999982e-01,2.999999999999999889e-01,0.000000000000000000e+00,5.010000000000000009e-01,0.000000000000000000e+00,4.979999999999999982e-01,-2.999999999999999889e-01,0.000000000000000000e+00,5.010000000000000009e-01,0.000000000000000000e+00
-1.062189922779758072e-01,-9.819891436076047097e-05,6.455944519349740007e-01,1.889857775380404970e-07,3.992597866265992779e-02,-7.496002300674250297e-09,9.992026402225893111e-01,-9.181674513557058770e-01,9.474597665822612343e-05,-1.520927991886984753e-04,1.307422077175214081e+00,-4.691277857071369239e-01,-1.797250426024596913e-04,-9.181698690799440232e-01,1.078948775241556155e-04,-1.733257679824225814e-04,1.307426497362212059e+00,-4.691297903040038686e-01,-2.047215246678397397e-04,0.000000000000000000e+00,4.979999999999999982e-01,2.999999999999999889e-01,0.000000000000000000e+00,5.010000000000000009e-01,0.000000000000000000e+00,4.979999999999999982e-01,-2.999999999999999889e-01,0.000000000000000000e+00,5.010000000000000009e-01,0.000000000000000000e+00
-1.116767112292269271e-01,-9.795647033983761543e-05,6.322463985935342645e-01,1.704948759669802396e-07,4.375776805793723384e-02,-7.438997530029840555e-09,9.990421701482670169e-01,-9.708926451165246219e-01,8.975753204321147726e-05,-1.594819250575726704e-04,1.366676108750140450e+00,-4.833269217953093388e-01,-1.833923758929702284e-04,-9.708950294435753081e-01,1.022468639305986062e-04,-1.818078993368567515e-04,1.366680379827046377e+00,-4.833288106740237788e-01,-2.089806931081618965e-04,0.000000000000000000e+00,4.979999999999999982e-01,2.999999999999999889e-01,0.000000000000000000e+00,5.010000000000000009e-01,0.000000000000000000e+00,4.979999999999999982e-01,-2.999999999999999889e-01,0.000000000000000000e+00,5.010000000000000009e-01,0.000000000000000000e+00
-1.170087821201090256e-01,-9.768127474333748478e-05,6.185583152927609518e-01,1.412708232777307095e-07,4.770112454156116150e-02,-6.650091495174470877e-09,9.988616534422826154e-01,-1.023628822482882228e+00,8.420788649907776102e-05,-1.669379258086237246e-04,1.422921641790259928e+00,-4.947312524719387761e-01,-1.874109950254481544e-04,-1.023631181308027660e+00,9.595676343816609275e-05,-1.903837726278648408e-04,1.422925774343416938e+00,-4.947330282931323153e-01,-2.136574404553533331e-04,0.000000000000000000e+00,4.979999999999999982e-01,2.999999999999999889e-01,0.000000000000000000e+00,5.010000000000000009e-01,0.000000000000000000e+00,4.979999999999999982e-01,-2.999999999999999889e-01,0.000000000000000000e+00,5.010000000000000009e-01,0.000000000000000000e+00
-1.222641599131577550e-01,-9.739615112191874467e-05,6.048734550854528713e-01,1.089846904460898818e-07,5.163241176261010312e-02,-5.565883284784188855e-09,9.986661574598212354e-01,-1.076060235895432982e+00,7.849336734841084085e-05,-1.743676794975646124e-04,1.477963998664633793e+00,-5.052144888692822189e-01,-1.915196374339237265e-04,-1.076062571071708884e+00,8.947719896183435053e-05,-1.989361019996492672e-04,1.477967995614456020e+00,-5.052161526891788546e-01,-2.184429524597198790e-04,0.000000000000000000e+00,4.979999999999999982e-01,2.999999999999999889e-01,0.000000000000000000e+00,5.010000000000000009e-01,0.000000000000000000e+00,4.979999999999999982e-01,-2.999999999999999889e-01,0.000000000000000000e+00,5.010000000000000009e-01,0.000000000000000000e+00
-1.273125565680613136e-01,-9.708423351309779540e-05,5.911972934386749978e-01,6.843881707001323490e-08,5.553233870457330301e-02,-3.684901566641563299e-09,9.984568890833475097e-01,-1.127669145173887832e+00,7.233388342654011927e-05,-1.817265969973045389e-04,1.529759195374525760e+00,-5.132118543388424214e-01,-1.958712367792286250e-04,-1.127671461702309141e+00,8.248630462489149693e-05,-2.074248904878994541e-04,1.529763064602697176e+00,-5.132134090080046063e-01,-2.235220010816969121e-04,0.000000000000000000e+00,4.979999999999999982e-01,2.999999999999999889e-01,0.000000000000000000e+00,5.010000000000000009e-01,0.000000000000000000e+00,4.979999999999999982e-01,-2.999999999999999889e-01,0.000000000000000000e+00,5.010000000000000009e-01,0.000000000000000000e+00
-1.322000229998747112e-01,-9.676016369379349385e-05,5.776993380723152161e-01,2.392352893158256649e-08,5.933808786070405433e-02,-1.312926142004446088e-09,9.982379432425091403e-01,-1.178315555247758439e+00,6.598303119179351416e-05,-1.889656919424475168e-04,1.579464155055938068e+00,-5.198944906896236784e-01,-2.003076184544541984e-04,-1.178317854579405966e+00,7.527358569754698985e-05,-2.157867984955418874e-04,1.579467900223849641e+00,-5.198959384010550799e-01,-2.287070341892413674e-04,0.000000000000000000e+00,4.979999999999999982e-01,2.999999999999999889e-01,0.000000000000000000e+00,5.010000000000000009e-01,0.000000000000000000e+00,4.979999999999999982e-01,-2.999999999999999889e-01,0.000000000000000000e+00,5.010000000000000009e-01,0.000000000000000000e+00
-1.368434535726942569e-01,-9.641766616670977594e-05,5.644716161144777145e-01,-2.660977266775479248e-08,6.300147933843765202e-02,1.803529560268758198e-09,9.980134335775083798e-01,-1.227502423939896392e+00,5.934198653874200809e-05,-1.960230870211737719e-04,1.625999462828895403e+00,-5.245834614399682572e-01,-2.048725647231565156e-04,-1.227504708275200196e+00,6.772449021255421515e-05,-2.239563039421232958e-04,1.626003089488709419e+00,-5.245848055191569825e-01,-2.340527830062332849e-04,0.000000000000000000e+00,4.979999999999999982e-01,2.999999999999999889e-01,0.000000000000000000e+00,5.010000000000000009e-01,0.000000000000000000e+00,4.979999999999999982e-01,-2.999999999999999889e-01,0.000000000000000000e+00,5.010000000000000009e-01,0.000000000000000000e+00
-1.412218301115390762e-01,-9.606594397432159811e-05,5.517259729927622702e-01,-8.182814959717409092e-08,6.643354998946135459e-02,5.584669889059895209e-09,9.977908515494573471e-01,-1.274628885914621312e+00,5.257651907346931949e-05,-2.028002123299945119e-04,1.669381720248678702e+00,-5.277178196686171940e-01,-2.094561227991668397e-04,-1.274631154724300552e+00,6.002699320039245795e-05,-2.318176470851610277e-04,1.669385232043485212e+00,-5.277190642662186182e-01,-2.394309171905244064e-04,0.000000000000000000e+00,4.979999999999999982e-01,2.999999999999999889e-01,0.000000000000000000e+00,5.010000000000000009e-01,0.000000000000000000e+00,4.979999999999999982e-01,-2.999999999999999889e-01,0.000000000000000000e+00,5.010000000000000009e-01,0.000000000000000000e+00
-1.453598446939772248e-01,-9.570585647405058217e-05,5.394174988907177726e-01,-1.412945811603914964e-07,6.965587910799365956e-02,9.968535132163674535e-09,9.975710794252571345e-01,-1.319886885892506134e+00,4.569821985793565139e-05,-2.093231774239868537e-04,1.709904661248436541e+00,-5.294423909886665225e-01,-2.140565588315308939e-04,-1.319889138696586750e+00,5.219491954787867352e-05,-2.393995359106778438e-04,1.709908061481941077e+00,-5.294435398686665462e-01,-2.448384197648236383e-04,0.000000000000000000e+00,4.979999999999999982e-01,2.999999999999999889e-01,0.000000000000000000e+00,5.010000000000000009e-01,0.000000000000000000e+00,4.979999999999999982e-01,-2.999999999999999889e-01,0.000000000000000000e+00,5.010000000000000009e-01,0.000000000000000000e+00
-1.491208327460525063e-01,-9.534831745313552479e-05,5.280327384964108584e-01,-2.061293334723483955e-07,7.245723654476687869e-02,1.511492319102302441e-08,9.973715199825253785e-01,-1.361467907472933891e+00,3.891410038087576509e-05,-2.153371872082031921e-04,1.746046504740215166e+00,-5.296201265342105335e-01,-2.185210546728826801e-04,-1.361470139448230698e+00,4.446101245999986947e-05,-2.464081612139490808e-04,1.746049795978228403e+00,-5.296211870686676759e-01,-2.500983529669803269e-04,0.000000000000000000e+00,4.979999999999999982e-01,2.999999999999999889e-01,0.000000000000000000e+00,5.010000000000000009e-01,0.000000000000000000e+00,4.979999999999999982e-01,-2.999999999999999889e-01,0.000000000000000000e+00,5.010000000000000009e-01,0.000000000000000000e+00
-1.526801092100959212e-01,-9.499214188485988718e-05,5.171421708017400753e-01,-2.738354756233089068e-07,7.503323011045281987e-02,2.066921290117428018e-08,9.971810339046348615e-01,-1.401081722260257845e+00,3.218036766198299162e-05,-2.210789026695946565e-04,1.779844433243288337e+00,-5.289702951172925438e-01,-2.229128216487616387e-04,-1.401083930826336976e+00,3.677962510760255711e-05,-2.531100868923381810e-04,1.779847616858535542e+00,-5.289712712503048531e-01,-2.552793356179090269e-04,0.000000000000000000e+00,4.979999999999999982e-01,2.999999999999999889e-01,0.000000000000000000e+00,5.010000000000000009e-01,0.000000000000000000e+00,4.979999999999999982e-01,-2.999999999999999889e-01,0.000000000000000000e+00,5.010000000000000009e-01,0.000000000000000000e+00
-1.557557373682993684e-01,-9.466276514233704477e-05,5.077637129883804112e-01,-3.474350743989663000e-07,7.695582399683276176e-02,2.692913688495177620e-08,9.970345034916531235e-01,-1.434822758490525318e+00,2.596672256872866819e-05,-2.260175168382114847e-04,1.807839174870496057e+00,-5.270803404927114633e-01,-2.268955946561078993e-04,-1.434824932041222745e+00,2.968195905757724001e-05,-2.588903033168601367e-04,1.807842251173261694e+00,-5.270812441366165002e-01,-2.599893456900798268e-04,0.000000000000000000e+00,4.979999999999999982e-01,2.999999999999999889e-01,0.000000000000000000e+00,5.010000000000000009e-01,0.000000000000000000e+00,4.979999999999999982e-01,-2.999999999999999889e-01,0.000000000000000000e+00,5.010000000000000009e-01,0.000000000000000000e+00
-1.586937561609065572e-01,-9.434101329866328772e-05,4.988154861485742386e-01,-4.227108455136535370e-07,7.869238848905635297e-02,3.338977883598322900e-08,9.968989457280551525e-01,-1.466892850520708613e+00,1.990105468816049907e-05,-2.307276297217543577e-04,1.834182772774502812e+00,-5.248375415268867750e-01,-2.307619992199738072e-04,-1.466894985753796288e+00,2.275037550413988493e-05,-2.644082716901486707e-04,1.834185741853070040e+00,-5.248383760710259027e-01,-2.645653529403787173e-04,0.000000000000000000e+00,4.979999999999999982e-01,2.999999999999999889e-01,0.000000000000000000e+00,5.010000000000000009e-01,0.000000000000000000e+00,4.979999999999999982e-01,-2.999999999999999889e-01,0.000000000000000000e+00,5.010000000000000009e-01,0.000000000000000000e+00
-1.610580701174486318e-01,-9.408467624718096320e-05,4.921218429697061802e-01,-5.035977133666968668e-07,7.951898099136901765e-02,4.022552922008485963e-08,9.968333520011453119e-01,-1.490306340903697624e+00,1.501804838532494440e-05,-2.342791748393603538e-04,1.853022963278391444e+00,-5.219226238839549392e-01,-2.338081343714865752e-04,-1.490308417914866679e+00,1.716319196300929536e-05,-2.685749271751532706e-04,1.853025822398526312e+00,-5.219234065232655206e-01,-2.681777737053387062e-04,0.000000000000000000e+00,4.979999999999999982e-01,2.999999999999999889e-01,0.000000000000000000e+00,5.010000000000000009e-01,0.000000000000000000e+00,4.979999999999999982e-01,-2.999999999999999889e-01,0.000000000000000000e+00,5.010000000000000009e-01,0.000000000000000000e+00
-1.633422707591234146e-01,-9.383882907751828640e-05,4.857630234651849066e-01,-5.851739765094521633e-07,8.021399554991605341e-02,4.708887287136718265e-08,9.967776657397443563e-01,-1.512439599627151354e+00,1.032320193762011477e-05,-2.376599577621319283e-04,1.870775755370811533e+00,-5.189366412034022158e-01,-2.367256608951420196e-04,-1.512441615492919889e+00,1.179032671977550064e-05,-2.725416914791224470e-04,1.870778504064824377e+00,-5.189373743983821674e-01,-2.716386185005907942e-04,0.000000000000000000e+00,4.979999999999999982e-01,2.999999999999999889e-01,0.000000000000000000e+00,5.010000000000000009e-01,0.000000000000000000e+00,4.979999999999999982e-01,-2.999999999999999889e-01,0.000000000000000000e+00,5.010000000000000009e-01,0.000000000000000000e+00
-1.650245603581010911e-01,-9.370186728827017530e-05,4.823633702929061018e-01,-6.698461300026867587e-07,7.982119289861096256e-02,5.360993597855296802e-08,9.968091979731081853e-01,-1.523369669493588763e+00,7.552648734196990512e-06,-2.395585542933001009e-04,1.879479774889782240e+00,-5.159224586946106195e-01,-2.383648288716662053e-04,-1.523371599053696901e+00,8.617573036456955112e-06,-2.747582952186997476e-04,1.879482407738239713e+00,-5.159231622488170688e-01,-2.735829909353145687e-04,0.000000000000000000e+00,4.979999999999999982e-01,2.999999999999999889e-01,0.000000000000000000e+00,5.010000000000000009e-01,0.000000000000000000e+00,4.979999999999999982e-01,-2.999999999999999889e-01,0.000000000000000000e+00,5.010000000000000009e-01,0.000000000000000000e+00
-1.666111167354863420e-01,-9.358840869254637072e-05,4.795459865442492919e-01,-7.541772605247528002e-07,7.924074592808441619e-02,5.991439269379787997e-08,9.968555081776838689e-01,-1.532152813051448792e+00,5.197232169640544200e-06,-2.411684150527494317e-04,1.886454041300627660e+00,-5.129489990171055558e-01,-2.397298978318801801e-04,-1.532154652451692245e+00,5.920519366195710829e-06,-2.766320237670565367e-04,1.886456557277680801e+00,-5.129496757742210145e-01,-2.752010853809432923e-04,0.000000000000000000e+00,4.979999999999999982e-01,2.999999999999999889e-01,0.000000000000000000e+00,5.010000000000000009e-01,0.000000000000000000e+00,4.979999999999999982e-01,-2.999999999999999889e-01,0.000000000000000000e+00,5.010000000000000009e-01,0.000000000000000000e+00
-1.676935951502107336e-01,-9.359870485729844427e-05,4.797945101148772817e-01,-8.367121384675094121e-07,7.767221518272941772e-02,6.507827248258441165e-08,9.969789501227714901e-01,-1.529631435340635282e+00,5.027694526370339743e-06,-2.412579536384091639e-04,1.884320388766031806e+00,-5.101899631465847129e-01,-2.396517136411956302e-04,-1.529633164286915870e+00,5.728237701210251284e-06,-2.767003620343556772e-04,1.884322782470129853e+00,-5.101906280798610416e-01,-2.751011811917380263e-04,0.000000000000000000e+00,4.979999999999999982e-01,2.999999999999999889e-01,0.000000000000000000e+00,5.010000000000000009e-01,0.000000000000000000e+00,4.979999999999999982e-01,-2.999999999999999889e-01,0.000000000000000000e+00,5.010000000000000009e-01,0.000000000000000000e+00
-1.686088417784529503e-01,-9.365666242078864471e-05,4.812631580469798886e-01,-9.164535170066719496e-07,7.577914566291486798e-02,6.955842954061127539e-08,9.971246266549403936e-01,-1.522810654018192045e+00,5.715998745124815378e-06,-2.407372489044593629e-04,1.878467780606783100e+00,-5.073608037508664514e-01,-2.389954950969618117e-04,-1.522812268219827736e+00,6.518182763624998463e-06,-2.760460788115390611e-04,1.878470050793028978e+00,-5.073614599372852085e-01,-2.743146370251717107e-04,0.000000000000000000e+00,4.979999999999999982e-01,2.999999999999999889e-01,0.000000000000000000e+00,5.010000000000000009e-01,0.000000000000000000e+00,4.979999999999999982e-01,-2.999999999999999889e-01,0.000000000000000000e+00,5.010000000000000009e-01,0.000000000000000000e+00
-1.691079017062950274e-01,-9.383323403902608191e-05,4.857683072493360066e-01,-9.892427330723356578e-07,7.307845861773053231e-02,7.233702784502021151e-08,9.973261948254807940e-01,-1.505290025253748887e+00,8.539198377791455577e-06,-2.386978427383715272e-04,1.863359875336158433e+00,-5.043571292154954699e-01,-2.369007329876431144e-04,-1.505291514032597311e+00,9.752577588376392677e-06,-2.735934206509436917e-04,1.863362018906399076e+00,-5.043577843126841875e-01,-2.718192644561105687e-04,0.000000000000000000e+00,4.979999999999999982e-01,2.999999999999999889e-01,0.000000000000000000e+00,5.010000000000000009e-01,0.000000000000000000e+00,4.979999999999999982e-01,-2.999999999999999889e-01,0.000000000000000000e+00,5.010000000000000009e-01,0.000000000000000000e+00
-1.693626268832790771e-01,-9.407641390656245153e-05,4.922935968738709755e-01,-1.054576793550255073e-06,6.998016091825332019e-02,7.385950272848664405e-08,9.975483833262113187e-01,-1.481110636945396575e+00,1.261392070260276005e-05,-2.356300558032244736e-04,1.841601347897185770e+00,-5.005654802158191474e-01,-2.339217564322964920e-04,-1.481112000118886884e+00,1.441466419814358412e-05,-2.699356575358248978e-04,1.841603365428407413e+00,-5.005661350224731576e-01,-2.682813623275574311e-04,0.000000000000000000e+00,4.979999999999999982e-01,2.999999999999999889e-01,0.000000000000000000e+00,5.010000000000000009e-01,0.000000000000000000e+00,4.979999999999999982e-01,-2.999999999999999889e-01,0.000000000000000000e+00,5.010000000000000009e-01,0.000000000000000000e+00
-1.692710452144515765e-01,-9.441400070000166924e-05,5.016821241477555926e-01,-1.109342249621199099e-06,6.631825744160453617e-02,7.360150670604332810e-08,9.977985211096842555e-01,-1.447493483413019533e+00,1.846248352474887941e-05,-2.311046976500025891e-04,1.810416588709692132e+00,-4.956569988770859192e-01,-2.296895421989297859e-04,-1.447494720722385386e+00,2.110028383840937129e-05,-2.645698439112829578e-04,1.810418481019683279e+00,-4.956576545252326937e-01,-2.632658352514881395e-04,0.000000000000000000e+00,4.979999999999999982e-01,2.999999999999999889e-01,0.000000000000000000e+00,5.010000000000000009e-01,0.000000000000000000e+00,4.979999999999999982e-01,-2.999999999999999889e-01,0.000000000000000000e+00,5.010000000000000009e-01,0.000000000000000000e+00
-1.688222287549056844e-01,-9.482139835721896197e-05,5.140520737563075704e-01,-1.150389923051846468e-06,6.227841120754769311e-02,7.169192252805414260e-08,9.980588156497267605e-01,-1.404707848846772356e+00,2.574098864286328221e-05,-2.250489115279570281e-04,1.768147485169651034e+00,-4.880770805967587500e-01,-2.243686359670346402e-04,-1.404708969013668485e+00,2.940605391545080130e-05,-2.574364874987328895e-04,1.768149259049138111e+00,-4.880777351833426314e-01,-2.569824512499220863e-04,0.000000000000000000e+00,4.979999999999999982e-01,2.999999999999999889e-01,0.000000000000000000e+00,5.010000000000000009e-01,0.000000000000000000e+00,4.979999999999999982e-01,-2.999999999999999889e-01,0.000000000000000000e+00,5.010000000000000009e-01,0.000000000000000000e+00
-1.680699728586388664e-01,-9.528809418396566643e-05,5.289544785942043026e-01,-1.179777747318743554e-06,5.791718916997677657e-02,6.837902805050640615e-08,9.983213907340925397e-01,-1.354134398555999486e+00,3.423410358092139188e-05,-2.176931618724941187e-04,1.716463209048029848e+00,-4.782280123292126373e-01,-2.181229819351513093e-04,-1.354135408988702105e+00,3.908799884643013458e-05,-2.488017594339571184e-04,1.716464870265135723e+00,-4.782286642377557295e-01,-2.496221346502128170e-04,0.000000000000000000e+00,4.979999999999999982e-01,2.999999999999999889e-01,0.000000000000000000e+00,5.010000000000000009e-01,0.000000000000000000e+00,4.979999999999999982e-01,-2.999999999999999889e-01,0.000000000000000000e+00,5.010000000000000009e-01,0.000000000000000000e+00
-1.667556479181619145e-01,-9.580698425720339311e-05,5.479488199390104564e-01,-1.189604938981264512e-06,5.330422041346333933e-02,6.350204049718808533e-08,9.985783194545603259e-01,-1.291408205249064522e+00,4.402526767163709949e-05,-2.082581784088779055e-04,1.646709924916522017e+00,-4.619606805433539298e-01,-2.107874182590499664e-04,-1.291409126174662969e+00,5.022469537479322768e-05,-2.378009213389026657e-04,1.646711493254094716e+00,-4.619613293213798433e-01,-2.410146243516056604e-04,0.000000000000000000e+00,4.979999999999999982e-01,2.999999999999999889e-01,0.000000000000000000e+00,5.010000000000000009e-01,0.000000000000000000e+00,4.979999999999999982e-01,-2.999999999999999889e-01,0.000000000000000000e+00,5.010000000000000009e-01,0.000000000000000000e+00
-1.651616538675709511e-01,-9.635184466027795923e-05,5.689791891585391781e-01,-1.189684420566689859e-06,4.856537151965543975e-02,5.784606282013617094e-08,9.988200061511279815e-01,-1.222635162609676085e+00,5.446230303946289589e-05,-1.977886290412409821e-04,1.567966031103119828e+00,-4.424998086308254974e-01,-2.029095474350225026e-04,-1.222636004092578332e+00,6.208523373160828598e-05,-2.256227761257700458e-04,1.567967516404525918e+00,-4.425004540531952690e-01,-2.317865469616355902e-04,0.000000000000000000e+00,4.979999999999999982e-01,2.999999999999999889e-01,0.000000000000000000e+00,5.010000000000000009e-01,0.000000000000000000e+00,4.979999999999999982e-01,-2.999999999999999889e-01,0.000000000000000000e+00,5.010000000000000009e-01,0.000000000000000000e+00
-1.625796475917909989e-01,-9.691727433617162546e-05,5.953565677776894161e-01,-1.167820360150368697e-06,4.380620973661143724e-02,5.132068801587927363e-08,9.990400472389211473e-01,-1.136737165219847467e+00,6.585877755957918840e-05,-1.845833148313993856e-04,1.458797997637635291e+00,-4.097012771236759332e-01,-1.941940209939408432e-04,-1.136737960369101907e+00,7.500461747172366988e-05,-2.103670546560039933e-04,1.458799444095823850e+00,-4.097019302159127241e-01,-2.216266412946244142e-04,0.000000000000000000e+00,4.979999999999999982e-01,2.999999999999999889e-01,0.000000000000000000e+00,5.010000000000000009e-01,0.000000000000000000e+00,4.979999999999999982e-01,-2.999999999999999889e-01,0.000000000000000000e+00,5.010000000000000009e-01,0.000000000000000000e+00
-1.597425326649499766e-01,-9.748801507938653675e-05,6.231145653005049079e-01,-1.140270759839116822e-06,3.904109012169629939e-02,4.457000123674876442e-08,9.992376060181119568e-01,-1.046417437010816576e+00,7.750298305070571644e-05,-1.706716153555438433e-04,1.341774331389012254e+00,-3.734589093352045364e-01,-1.852622085706897204e-04,-1.046418194375309918e+00,8.819739926353256415e-05,-1.943166908656763950e-04,1.341775750414776924e+00,-3.734595729441418932e-01,-2.112261338934280966e-04,0.000000000000000000e+00,4.979999999999999982e-01,2.999999999999999889e-01,0.000000000000000000e+00,5.010000000000000009e-01,0.000000000000000000e+00,4.979999999999999982e-01,-2.999999999999999889e-01,0.000000000000000000e+00,5.010000000000000009e-01,0.000000000000000000e+00
-1.548014946945108494e-01,-9.805676721868506471e-05,6.576661449883258737e-01,-1.094749969212574961e-06,3.457250870472309418e-02,3.805521039008326237e-08,9.994021921332082448e-01,-9.258047611761760498e-01,9.005802681010526705e-05,-1.525694408463039561e-04,1.165434915445134223e+00,-3.087889465081271601e-01,-1.759976474031415151e-04,-9.258055451319550100e-01,1.023862316615776352e-04,-1.735614382649493974e-04,1.165436424011817795e+00,-3.087896731003997863e-01,-2.004814109812755622e-04,0.000000000000000000e+00,4.979999999999999982e-01,2.999999999999999889e-01,0.000000000000000000e+00,5.010000000000000009e-01,0.000000000000000000e+00,4.979999999999999982e-01,-2.999999999999999889e-01,0.000000000000000000e+00,5.010000000000000009e-01,0.000000000000000000e+00
-1.499482087183015011e-01,-9.859717943270662635e-05,6.930823584707699325e-01,-1.047475514168334708e-06,3.015890932428566887e-02,2.559056300692767103e-08,9.995451166341975391e-01,-8.086409468202937489e-01,1.020731697516751425e-04,-1.350136108716430000e-04,9.929256825847825318e-01,-2.449852401166804916e-01,-1.671588638791454793e-04,-8.086417612613171491e-01,1.159622184576321097e-04,-1.534406495855763228e-04,9.929272857538513630e-01,-2.449860308476088100e-01,-1.902338539552522073e-04,0.000000000000000000e+00,4.979999999999999982e-01,2.999999999999999889e-01,0.000000000000000000e+00,5.010000000000000009e-01,0.000000000000000000e+00,4.979999999999999982e-01,-2.999999999999999889e-01,0.000000000000000000e+00,5.010000000000000009e-01,0.000000000000000000e+00
-1.502772778569460843e-01,-9.858913221670749971e-05,7.341145570288892808e-01,-9.960961622018400435e-07,2.633751089816353461e-02,-1.030869982208169841e-07,9.996531075921718523e-01,-8.086409468202937489e-01,1.020731697516751425e-04,-1.350136108716430000e-04,9.929256825847825318e-01,-2.449852401166804916e-01,-1.671588638791454793e-04,-8.086417612613171491e-01,1.159622184576321097e-04,-1.534406495855763228e-04,9.929272857538513630e-01,-2.449860308476088100e-01,-1.902338539552522073e-04,0.000000000000000000e+00,4.979999999999999982e-01,2.999999999999999889e-01,0.000000000000000000e+00,5.010000000000000009e-01,0.000000000000000000e+00,4.979999999999999982e-01,-2.999999999999999889e-01,0.000000000000000000e+00,5.010000000000000009e-01,0.000000000000000000e+00
-1.503802724291000703e-01,-9.858908166536061845e-05,7.763813067814171465e-01,-9.460133811900341391e-07,2.266024862236931323e-02,-2.243659730833111631e-07,9.997432235986535298e-01,-8.039508790971011676e-01,5.438279293561177610e-04,-3.406581740954214323e-04,9.867360957225486118e-01,-2.423059341580541814e-01,-6.542759803814789674e-04,-8.039539952005370083e-01,-3.252311183287938563e-04,5.352794525598209398e-05,9.867426315364054012e-01,-2.423093041736529285e-01,2.971597637060379902e-04,0.000000000000000000e+00,4.979999999999999982e-01,2.999999999999999889e-01,0.000000000000000000e+00,5.010000000000000009e-01,0.000000000000000000e+00,4.979999999999999982e-01,-2.999999999999999889e-01,0.000000000000000000e+00,5.010000000000000009e-01,0.000000000000000000e+00
-1.494240279180129860e-01,-9.862649830842977125e-05,8.230813051637704270e-01,-9.004463360975129108e-07,1.965985827673415523e-02,-3.107304360835297013e-07,9.998067263084557954e-01,-7.772861898471679076e-01,3.055359549951421755e-03,-1.509820049346070458e-03,9.515461112686370848e-01,-2.270731347596620375e-01,-3.423708599792952417e-03,-7.773023917132421134e-01,-2.833570852183058160e-03,1.230217407255668020e-03,9.515806909079167486e-01,-2.270911689183572058e-01,3.068164389731481857e-03,0.000000000000000000e+00,4.979999999999999982e-01,2.999999999999999889e-01,0.000000000000000000e+00,5.010000000000000009e-01,0.000000000000000000e+00,4.979999999999999982e-01,-2.999999999999999889e-01,0.000000000000000000e+00,5.010000000000000009e-01,0.000000000000000000e+00
-1.484677834069258462e-01,-9.866391495149895116e-05,8.656711818522463409e-01,-8.499563211552314574e-07,1.665929086728781816e-02,-3.963251556519978970e-07,9.998612243841240588e-01,-7.506215005972345367e-01,5.566891170546739084e-03,-2.678981924596725989e-03,9.163561268147255578e-01,-2.118403353612698659e-01,-6.193141219204442022e-03,-7.506507882259471076e-01,-5.341910586037337642e-03,2.406906869255360289e-03,9.164187502794280960e-01,-2.118730336630613997e-01,5.839169015756940848e-03,0.000000000000000000e+00,4.980000000000000537e-01,3.000000000000000444e-01,0.000000000000000000e+00,5.010000000000000009e-01,0.000000000000000000e+00,4.980000000000000537e-01,-3.000000000000000444e-01,0.000000000000000000e+00,5.010000000000000009e-01,0.000000000000000000e+00
-1.475115388958386786e-01,-9.870133159456809040e-05,9.045823084916957413e-01,-7.950642416221007067e-07,1.365857341824100457e-02,-4.812394955552599096e-07,9.999067173348296089e-01,-7.239568113473010547e-01,8.078422791142058149e-03,-3.848143799847381519e-03,8.811661423608138088e-01,-1.966075359628776664e-01,-8.962573838615929891e-03,-7.239991847386519908e-01,-7.850250319891616257e-03,3.583596331255052992e-03,8.812568096509393323e-01,-1.966548984077655660e-01,8.610173641782400272e-03,0.000000000000000000e+00,4.979999999999999982e-01,2.999999999999999889e-01,0.000000000000000000e+00,5.010000000000000009e-01,0.000000000000000000e+00,4.979999999999999982e-01,-2.999999999999999889e-01,0.000000000000000000e+00,5.010000000000000009e-01,0.000000000000000000e+00
-1.465552943847514833e-01,-9.873874823763725676e-05,9.393263694598461555e-01,-7.351924000754696082e-07,1.065773295521003222e-02,-5.653940130334712558e-07,9.999432047508474142e-01,-6.972921220973673506e-01,1.058995441173739803e-02,-5.017305675098048326e-03,8.459761579069018378e-01,-1.813747365644853005e-01,-1.173200645802744552e-02,-6.973475812513567629e-01,-1.035859005374591829e-02,4.760285793254755669e-03,8.460948690224502355e-01,-1.814367631524696212e-01,1.138117826780788572e-02,0.000000000000000000e+00,4.979999999999999982e-01,2.999999999999999889e-01,0.000000000000000000e+00,5.010000000000000009e-01,0.000000000000000000e+00,4.979999999999999982e-01,-2.999999999999999889e-01,0.000000000000000000e+00,5.010000000000000009e-01,0.000000000000000000e+00
-1.455990498736642602e-01,-9.877616488070643666e-05,9.702668710747823777e-01,-6.707798322040035455e-07,7.656796504868669875e-03,-6.488646387497294990e-07,9.999706863035597859e-01,-6.706274328474337576e-01,1.310148603233273965e-02,-6.186467550348713831e-03,8.107861734529898667e-01,-1.661419371660929623e-01,-1.450143907743895767e-02,-6.706959777640616460e-01,-1.286692978760021859e-02,5.936975255254458780e-03,8.109329283939611388e-01,-1.662186278971737041e-01,1.415218289383336943e-02,0.000000000000000000e+00,4.980000000000000537e-01,2.999999999999999889e-01,0.000000000000000000e+00,5.010000000000000009e-01,0.000000000000000000e+00,4.980000000000000537e-01,-2.999999999999999889e-01,0.000000000000000000e+00,5.010000000000000009e-01,0.000000000000000000e+00
-1.446428053625769816e-01,-9.881358152377558947e-05,9.973468696042159243e-01,-6.017632568083197453e-07,4.655791094779995754e-03,-7.316500881723538590e-07,9.999891617454583770e-01,-6.439627435975000536e-01,1.561301765292807779e-02,-7.355629425599379337e-03,7.755961889990778957e-01,-1.509091377677006518e-01,-1.727087169685047330e-02,-6.440443742767663071e-01,-1.537526952145451715e-02,7.113664717254161024e-03,7.757709877654721531e-01,-1.510004926418777316e-01,1.692318751985884967e-02,0.000000000000000000e+00,4.979999999999999982e-01,2.999999999999999889e-01,0.000000000000000000e+00,5.010000000000000009e-01,0.000000000000000000e+00,4.979999999999999982e-01,-2.999999999999999889e-01,0.000000000000000000e+00,5.010000000000000009e-01,0.000000000000000000e+00
-1.436865608514896753e-01,-9.885099816684475582e-05,1.020316746194638746e+00,-5.278506380214925511e-07,1.654743753140004757e-03,-8.137173855697184898e-07,9.999986309101481785e-01,-6.172980543475663495e-01,1.812454927352341941e-02,-8.524791300850046577e-03,7.404062045451658136e-01,-1.356763383693083136e-01,-2.004030431626198719e-02,-6.173927707894709682e-01,-1.788360925530881745e-02,8.290354179253865002e-03,7.406090471369829453e-01,-1.357823573865817868e-01,1.969419214588433859e-02,0.000000000000000000e+00,4.979999999999999982e-01,2.999999999999999889e-01,0.000000000000000000e+00,5.010000000000000009e-01,0.000000000000000000e+00,4.979999999999999982e-01,-2.999999999999999889e-01,0.000000000000000000e+00,5.010000000000000009e-01,0.000000000000000000e+00
-1.427303163404023967e-01,-9.888841480991394928e-05,1.039607872736034944e+00,-4.495595675908380132e-07,-1.346318491518986096e-03,-8.951501326883438335e-07,9.999990937123472978e-01,-5.906333650976327565e-01,2.063608089411875929e-02,-9.693953176100710348e-03,7.052162200912539536e-01,-1.204435389709159754e-01,-2.280973693567350108e-02,-5.907411673021758514e-01,-2.039194898916311949e-02,9.467043641253565511e-03,7.054471065084939596e-01,-1.205642221312858559e-01,2.246519677190981709e-02,0.000000000000000000e+00,4.979999999999999982e-01,2.999999999999999889e-01,0.000000000000000000e+00,5.010000000000000009e-01,0.000000000000000000e+00,4.979999999999999982e-01,-2.999999999999999889e-01,0.000000000000000000e+00,5.010000000000000009e-01,0.000000000000000000e+00
-1.417740718293150626e-01,-9.892583145298310208e-05,1.054731933851264847e+00,-3.663141739931649764e-07,-4.347368610474540603e-03,-9.758755172309717675e-07,9.999905501478891789e-01,-5.639686758476989414e-01,2.314761251471410264e-02,-1.086311505135137759e-02,6.700262356373419825e-01,-1.052107395725236094e-01,-2.557916955508501497e-02,-5.640895638148805125e-01,-2.290028872301742499e-02,1.064373310325327122e-02,6.702851658800049739e-01,-1.053460868759898694e-01,2.523620139793530601e-02,0.000000000000000000e+00,4.979999999999999982e-01,3.000000000000000444e-01,0.000000000000000000e+00,5.010000000000000009e-01,0.000000000000000000e+00,4.979999999999999982e-01,-3.000000000000000444e-01,0.000000000000000000e+00,5.010000000000000009e-01,0.000000000000000000e+00
-1.408178273182277007e-01,-9.896324809605228198e-05,1.066052435368147311e+00,-2.785506601979943499e-07,-7.348379575165348877e-03,-1.055964610487699635e-06,9.999730002937213813e-01,-5.373039865977653484e-01,2.565914413530944252e-02,-1.203227692660204309e-02,6.348362511834299005e-01,-8.997794017413128509e-02,-2.834860217449652886e-02,-5.374379603275852846e-01,-2.540862845687172356e-02,1.182042256525297347e-02,6.351232252515158772e-01,-9.012795162069392463e-02,2.800720602396078798e-02,0.000000000000000000e+00,4.979999999999999982e-01,2.999999999999999889e-01,0.000000000000000000e+00,5.010000000000000009e-01,0.000000000000000000e+00,4.979999999999999982e-01,-2.999999999999999889e-01,0.000000000000000000e+00,5.010000000000000009e-01,0.000000000000000000e+00
-1.398615828071403111e-01,-9.900066473912146189e-05,1.073512434044660235e+00,-1.862052678272598444e-07,-1.034932435735715604e-02,-1.135416932198805594e-06,9.999464443079051357e-01,-5.106392973478318664e-01,2.817067575590475464e-02,-1.320143880185269646e-02,5.996462667295182625e-01,-7.474514077573911341e-02,-3.111803479390801153e-02,-5.107863568402902787e-01,-2.791696819072599783e-02,1.299711202725266357e-02,5.999612846230271135e-01,-7.490981636539814636e-02,3.077821064998624220e-02,0.000000000000000000e+00,4.979999999999999982e-01,2.999999999999999889e-01,0.000000000000000000e+00,5.010000000000000009e-01,0.000000000000000000e+00,4.979999999999999982e-01,-2.999999999999999889e-01,0.000000000000000000e+00,5.010000000000000009e-01,0.000000000000000000e+00
-1.389053382960529215e-01,-9.903808138219064180e-05,1.076862310537029410e+00,-8.898618767143785926e-08,-1.335017592939974004e-02,-1.214202905287009289e-06,9.999108824296153442e-01,-4.839746080978982179e-01,3.068220737650009106e-02,-1.437060067710336196e-02,5.644562822756064024e-01,-5.951234137734677521e-02,-3.388746741331952195e-02,-4.841347533529949954e-01,-3.042530792458029293e-02,1.417380148925236408e-02,5.647993439945380167e-01,-5.969168111010219463e-02,3.354921527601172765e-02,0.000000000000000000e+00,4.979999999999999982e-01,2.999999999999999334e-01,0.000000000000000000e+00,5.010000000000000009e-01,0.000000000000000000e+00,4.979999999999999982e-01,-2.999999999999999334e-01,0.000000000000000000e+00,5.010000000000000009e-01,0.000000000000000000e+00
-1.379490937849655041e-01,-9.907549802525982170e-05,1.076533436980371850e+00,1.259171011145310613e-08,-1.635090726452465004e-02,-1.292400339642824491e-06,9.998663149791359173e-01,-4.573099188479645694e-01,3.319373899709542747e-02,-1.553976255235402747e-02,5.292662978216944314e-01,-4.427954197895444394e-02,-3.665690003273103237e-02,-4.574831498656997675e-01,-3.293364765843459496e-02,1.535049095125206806e-02,5.296374033660490310e-01,-4.447354585480626371e-02,3.632021990203720962e-02,0.000000000000000000e+00,4.979999999999999982e-01,2.999999999999999889e-01,0.000000000000000000e+00,5.010000000000000009e-01,0.000000000000000000e+00,4.979999999999999982e-01,-2.999999999999999889e-01,0.000000000000000000e+00,5.010000000000000009e-01,0.000000000000000000e+00
-1.369928492738780590e-01,-9.911291466832900161e-05,1.072037498242681020e+00,1.191031367332323451e-07,-1.935149133698903234e-02,-1.369943030229256485e-06,9.998127423578595518e-01,-4.306452295980308653e-01,3.570527061769077082e-02,-1.670892442760469471e-02,4.940763133677824048e-01,-2.904674258056208838e-02,-3.942633265214255667e-02,-4.308315463784044841e-01,-3.544198739228890394e-02,1.652718041325177203e-02,4.944754627375599343e-01,-2.925541059951029810e-02,3.909122452806269160e-02,0.000000000000000000e+00,4.979999999999999982e-01,2.999999999999999889e-01,0.000000000000000000e+00,5.010000000000000009e-01,0.000000000000000000e+00,4.979999999999999982e-01,-2.999999999999999889e-01,0.000000000000000000e+00,5.010000000000000009e-01,0.000000000000000000e+00
-1.360366047627905861e-01,-9.915033131139818151e-05,1.063737999661509948e+00,2.301142230811666741e-07,-2.235190112242957383e-02,-1.446897161905591132e-06,9.997501650482818469e-01,-4.039805403480971613e-01,3.821680223828611417e-02,-1.787808630285536021e-02,4.588863289138704338e-01,-1.381394318216974670e-02,-4.219576527155406015e-02,-4.041799428911092007e-01,-3.795032712614320597e-02,1.770386987525147601e-02,4.593135221090708376e-01,-1.403727534421434289e-02,4.186222915408818052e-02,0.000000000000000000e+00,4.979999999999999982e-01,2.999999999999999889e-01,0.000000000000000000e+00,5.010000000000000009e-01,0.000000000000000000e+00,4.979999999999999982e-01,-2.999999999999999889e-01,0.000000000000000000e+00,5.010000000000000009e-01,0.000000000000000000e+00
-1.350803602517031410e-01,-9.918774795446736142e-05,1.051577998485101917e+00,3.456892807517726600e-07,-2.535210959802643160e-02,-1.523263034740754496e-06,9.996785836139983061e-01,-3.773158510981635128e-01,4.072833385888145058e-02,-1.904724817810602572e-02,4.236963444599585182e-01,1.418856216222574157e-03,-4.496519789096557751e-02,-3.775283394038139728e-01,-4.045866685999750106e-02,1.888055933725117652e-02,4.241515814805817963e-01,1.180859911081581087e-03,4.463323378011365555e-02,0.000000000000000000e+00,4.979999999999999982e-01,2.999999999999999889e-01,0.000000000000000000e+00,5.010000000000000009e-01,0.000000000000000000e+00,4.979999999999999982e-01,-2.999999999999999889e-01,0.000000000000000000e+00,5.010000000000000009e-01,0.000000000000000000e+00
-1.341241157406156403e-01,-9.922516459753656843e-05,1.035307874879417334e+00,4.661202307546052230e-07,-2.835208974276041613e-02,-1.599014439618460503e-06,9.995979986996994526e-01,-3.506511618482298642e-01,4.323986547947679393e-02,-2.021641005335669469e-02,3.885063600060464917e-01,1.665165561461490890e-02,-4.773463051037709487e-02,-3.508767359165187449e-01,-4.296700659385180310e-02,2.005724879925088050e-02,3.889896408520927551e-01,1.639899516637755017e-02,4.740423840613914447e-02,0.000000000000000000e+00,4.979999999999999982e-01,2.999999999999999889e-01,0.000000000000000000e+00,5.010000000000000009e-01,0.000000000000000000e+00,4.979999999999999982e-01,-2.999999999999999889e-01,0.000000000000000000e+00,5.010000000000000009e-01,0.000000000000000000e+00
-1.331678712295281397e-01,-9.926258124060574834e-05,1.015359001224706015e+00,5.908943341812771384e-07,-3.135181453771222065e-02,-1.674223377786458856e-06,9.995084110311632797e-01,-3.239864725982961602e-01,4.575139710007213034e-02,-2.138557192860735673e-02,3.533163755521345206e-01,3.188445501300726792e-02,-5.050406312978860529e-02,-3.242251324292234615e-01,-4.547534632770610513e-02,2.123393826125058448e-02,3.538277002236036028e-01,3.161713042167350884e-02,5.017524303216462644e-02,0.000000000000000000e+00,4.979999999999999982e-01,2.999999999999999889e-01,0.000000000000000000e+00,5.010000000000000009e-01,0.000000000000000000e+00,4.979999999999999982e-01,-2.999999999999999889e-01,0.000000000000000000e+00,5.010000000000000009e-01,0.000000000000000000e+00
-1.322116267184406391e-01,-9.929999788367494180e-05,9.912430626340942297e-01,7.205858056660609686e-07,-3.435125696620348890e-02,-1.748830213668919391e-06,9.994098214152511428e-01,-2.973217833483625117e-01,4.826292872066748063e-02,-2.255473380385802223e-02,3.181263910982226051e-01,4.711725441139958531e-02,-5.327349574920011571e-02,-2.975735289419282337e-01,-4.798368606156040023e-02,2.241062772325028499e-02,3.186657595951145616e-01,4.683526567696943282e-02,5.294624765819011536e-02,0.000000000000000000e+00,4.979999999999999982e-01,2.999999999999999889e-01,0.000000000000000000e+00,5.010000000000000009e-01,0.000000000000000000e+00,4.979999999999999982e-01,-2.999999999999999889e-01,0.000000000000000000e+00,5.010000000000000009e-01,0.000000000000000000e+00
-1.312553822073531107e-01,-9.933741452674413525e-05,9.633235639548691776e-01,8.547626124077559013e-07,-3.735039001415356441e-02,-1.822896229630693033e-06,9.993022307398984339e-01,-2.706570940984288076e-01,5.077446034126281704e-02,-2.372389567910869121e-02,2.829364066443106340e-01,6.235005380979192352e-02,-5.604292836861162613e-02,-2.709219254546330058e-01,-5.049202579541470226e-02,2.358731718524998897e-02,2.835038189666255204e-01,6.205340093226539150e-02,5.571725228421559734e-02,0.000000000000000000e+00,4.979999999999999982e-01,2.999999999999999889e-01,0.000000000000000000e+00,5.010000000000000009e-01,0.000000000000000000e+00,4.979999999999999982e-01,-2.999999999999999889e-01,0.000000000000000000e+00,5.010000000000000009e-01,0.000000000000000000e+00
-1.302991376962655823e-01,-9.937483116981334227e-05,9.315435629255401917e-01,9.934896950022724733e-07,-4.034918667024132294e-02,-1.896422480480116043e-06,9.991856399741074757e-01,-2.439924048484951313e-01,5.328599196185816039e-02,-2.489305755435935325e-02,2.477464221903986075e-01,7.758285320818426867e-02,-5.881236098802315043e-02,-2.442703219673376669e-01,-5.300036552926900429e-02,2.476400664724968947e-02,2.483418783381364237e-01,7.727153618756135711e-02,5.848825691024108625e-02,0.000000000000000000e+00,4.979999999999999982e-01,2.999999999999999889e-01,0.000000000000000000e+00,5.010000000000000009e-01,0.000000000000000000e+00,4.979999999999999982e-01,-2.999999999999999889e-01,0.000000000000000000e+00,5.010000000000000009e-01,0.000000000000000000e+00
-1.293428931851780261e-01,-9.941224781288253572e-05,8.956534392218015173e-01,1.137059423797189257e-06,-4.334761992616249782e-02,-1.969386086953074985e-06,9.990600501679395284e-01,-2.173277155985614550e-01,5.579752358245350374e-02,-2.606221942961001875e-02,2.125564377364866087e-01,9.281565260657662075e-02,-6.158179360743466085e-02,-2.176187184800424113e-01,-5.550870526312330633e-02,2.594069610924939692e-02,2.131799377096473269e-01,9.248967144285730191e-02,6.125926153626656129e-02,0.000000000000000000e+00,4.979999999999999982e-01,2.999999999999999889e-01,0.000000000000000000e+00,5.010000000000000009e-01,0.000000000000000000e+00,4.979999999999999982e-01,-2.999999999999999889e-01,0.000000000000000000e+00,5.010000000000000009e-01,0.000000000000000000e+00
-1.283866486740904977e-01,-9.944966445595172918e-05,8.560845654690363293e-01,1.284960602289234646e-06,-4.634566277693034225e-02,-2.041853237858718587e-06,9.989254624525030213e-01,-1.906630263486278065e-01,5.830905520304883322e-02,-2.723138130486068773e-02,1.773664532825747209e-01,1.080484520049689312e-01,-6.435122622684617821e-02,-1.909671149927472111e-01,-5.801704499697760142e-02,2.711738557124909743e-02,1.780179970811583412e-01,1.077078066981532328e-01,6.403026616229204326e-02,0.000000000000000000e+00,4.979999999999999982e-01,2.999999999999999889e-01,0.000000000000000000e+00,5.010000000000000009e-01,0.000000000000000000e+00,4.979999999999999982e-01,-2.999999999999999889e-01,0.000000000000000000e+00,5.010000000000000009e-01,0.000000000000000000e+00
-1.274304041630029416e-01,-9.948708109902092264e-05,8.123486270255035890e-01,1.437767610514309143e-06,-4.934328822101390760e-02,-2.113770814712203721e-06,9.987818780399466689e-01,-1.639983370986944078e-01,6.082058682364414881e-02,-2.840054318011133935e-02,1.421764688286630829e-01,1.232812514033611168e-01,-6.712065884625766088e-02,-1.643155115054522053e-01,-6.052538473083187570e-02,2.829407503324878753e-02,1.428560564526696053e-01,1.229259419534490250e-01,6.680127078831750442e-02,0.000000000000000000e+00,4.979999999999999982e-01,2.999999999999999889e-01,0.000000000000000000e+00,5.010000000000000009e-01,0.000000000000000000e+00,4.979999999999999982e-01,-2.999999999999999889e-01,0.000000000000000000e+00,5.010000000000000009e-01,0.000000000000000000e+00
-1.312132839478738766e-01,-9.926940810273391280e-05,7.616374199719329052e-01,1.595049551546520525e-06,-5.234046544270921919e-02,-2.185195101678193628e-06,9.986292984235548564e-01,-2.203072681293444524e-01,5.920327596234696566e-02,-3.287551830653427654e-02,2.452250143744333921e-01,7.887583839785572426e-02,-6.900353767216430012e-02,-2.205977192022940681e-01,-5.891790984180745455e-02,3.274960040138148731e-02,2.458483043751166219e-01,7.855074010795734529e-02,6.867916416065542040e-02,0.000000000000000000e+00,4.979999999999999982e-01,2.999999999999999889e-01,0.000000000000000000e+00,5.010000000000000009e-01,0.000000000000000000e+00,4.979999999999999982e-01,-2.999999999999999889e-01,0.000000000000000000e+00,5.010000000000000009e-01,0.000000000000000000e+00
-1.520412254177273825e-01,-9.801996369121267021e-05,6.907432641780439919e-01,1.755277156938438270e-06,-5.533715338192313205e-02,-2.256290893875612050e-06,9.984677257915819393e-01,-5.706269546447587659e-01,4.716526238637343965e-02,-5.699376525024094781e-02,8.709257850969978065e-01,-1.908274279685638342e-01,-7.657333622474456203e-02,-5.707506614709892956e-01,-4.693943029845966397e-02,5.674874768539378556e-02,8.711972585153739956e-01,-1.909641658172088752e-01,7.621883921830226172e-02,0.000000000000000000e+00,4.979999999999999982e-01,2.999999999999999889e-01,0.000000000000000000e+00,5.010000000000000009e-01,0.000000000000000000e+00,4.979999999999999982e-01,-2.999999999999999889e-01,0.000000000000000000e+00,5.010000000000000009e-01,0.000000000000000000e+00
-1.647081323898525740e-01,-9.715537543323945623e-05,6.406295748405258506e-01,1.838792585112240518e-06,-5.667486657848924692e-02,-1.813460745206638442e-06,9.983926880199197607e-01,-7.905717684627633357e-01,3.876204603521832270e-02,-7.266837277869318823e-02,1.251762949305030403e+00,-3.491794391296240141e-01,-8.255042057284238399e-02,-7.906118062461293672e-01,-3.857852555717495441e-02,7.234722148324074231e-02,1.251856793355460296e+00,-3.492207454277018730e-01,8.217202234561367391e-02,0.000000000000000000e+00,4.979999999999999982e-01,2.999999999999999889e-01,0.000000000000000000e+00,5.010000000000000009e-01,0.000000000000000000e+00,4.979999999999999982e-01,-2.999999999999999889e-01,0.000000000000000000e+00,5.010000000000000009e-01,0.000000000000000000e+00
-1.692661626728456936e-01,-9.667318368309171404e-05,6.111635423759518293e-01,1.846097564518372356e-06,-5.636457120339160437e-02,-8.600041237154034438e-07,9.984102539081367578e-01,-8.809749455729629641e-01,3.397039663605395249e-02,-7.995330485057776382e-02,1.389301449423946844e+00,-3.968918496503888171e-01,-8.694496987727973192e-02,-8.810138585772054887e-01,-3.381207541497401742e-02,7.959871115500202765e-02,1.389390738076705656e+00,-3.969300593727906890e-01,8.654885293637176735e-02,0.000000000000000000e+00,4.979999999999999982e-01,2.999999999999999889e-01,0.000000000000000000e+00,5.010000000000000009e-01,0.000000000000000000e+00,4.979999999999999982e-01,-2.999999999999999889e-01,0.000000000000000000e+00,5.010000000000000009e-01,0.000000000000000000e+00
-1.739739168606123376e-01,-9.595982468908124648e-05,5.757863875142186227e-01,1.766138794212276651e-06,-5.382890104025510325e-02,3.737322084722382996e-07,9.985501737066293515e-01,-9.884377067429107599e-01,2.704473510178984422e-02,-8.897055972087430931e-02,1.533042654131688387e+00,-4.380748250394974619e-01,-9.334379845122701969e-02,-9.884783717647740442e-01,-2.692213714598801211e-02,8.857666653783517752e-02,1.533129416535644163e+00,-4.381102805555017743e-01,9.292247386473762027e-02,0.000000000000000000e+00,4.979999999999999982e-01,2.999999999999999889e-01,0.000000000000000000e+00,5.010000000000000009e-01,0.000000000000000000e+00,4.979999999999999982e-01,-2.999999999999999889e-01,0.000000000000000000e+00,5.010000000000000009e-01,0.000000000000000000e+00
-1.785270757748413095e-01,-9.521253292286551437e-05,5.411264982391028600e-01,1.663641668048970153e-06,-5.054127042628662331e-02,1.631160572753563775e-06,9.987219733130280330e-01,-1.094612852411124493e+00,1.983613142302440013e-02,-9.791599647153120811e-02,1.668330155611980281e+00,-4.735589474306350910e-01,-9.996254188058800727e-02,-1.094656125592924578e+00,-1.975051591317953520e-02,9.748377443666940423e-02,1.668415108508367828e+00,-4.735918519084886813e-01,9.951536527735582727e-02,0.000000000000000000e+00,4.979999999999999982e-01,2.999999999999999889e-01,0.000000000000000000e+00,5.010000000000000009e-01,0.000000000000000000e+00,4.979999999999999982e-01,-2.999999999999999889e-01,0.000000000000000000e+00,5.010000000000000009e-01,0.000000000000000000e+00
-1.820516051484125652e-01,-9.454449273442198432e-05,5.172655511341760493e-01,1.537264444660338484e-06,-4.566418306527657289e-02,2.695907545542847792e-06,9.989568471036923691e-01,-1.173952664416866964e+00,1.352687964843323799e-02,-1.044626129420958005e-01,1.749662101099353828e+00,-4.850443050918127885e-01,-1.054829669560593264e-01,-1.173999960838634005e+00,-1.347305772651109443e-02,1.040042009283694835e-01,1.749746867280739249e+00,-4.850753874974145230e-01,1.050150236841012608e-01,0.000000000000000000e+00,4.979999999999999982e-01,2.999999999999999889e-01,0.000000000000000000e+00,5.010000000000000009e-01,0.000000000000000000e+00,4.979999999999999982e-01,-2.999999999999999889e-01,0.000000000000000000e+00,5.010000000000000009e-01,0.000000000000000000e+00
-1.853353108136599481e-01,-9.388291387621841360e-05,4.962997625810136038e-01,1.427363822952918986e-06,-4.031932389865731242e-02,3.456208696515248697e-06,9.991868454430195001e-01,-1.246856991688665151e+00,7.428959324272595491e-03,-1.103360106077713454e-01,1.817893199090233392e+00,-4.907776531132375109e-01,-1.106835045452313482e-01,-1.246908845705054114e+00,-7.404490177900629674e-03,1.098549808493941432e-01,1.817977798457277583e+00,-4.908065531313637320e-01,1.101963415213622205e-01,0.000000000000000000e+00,4.979999999999999982e-01,2.999999999999999889e-01,0.000000000000000000e+00,5.010000000000000009e-01,0.000000000000000000e+00,4.979999999999999982e-01,-2.999999999999999889e-01,0.000000000000000000e+00,5.010000000000000009e-01,0.000000000000000000e+00
-1.883568018918820586e-01,-9.322837026820798997e-05,4.784862915854006804e-01,1.335398254504297132e-06,-3.446506335452112491e-02,3.884982271143193279e-06,9.994059032200544035e-01,-1.312754209969562158e+00,1.561141714606995370e-03,-1.154763916110499999e-01,1.871859782428950902e+00,-4.902480760981260954e-01,-1.155357410236102639e-01,-1.312811203398642768e+00,-1.563367729164419351e-03,1.149766336416795237e-01,1.871944236649966786e+00,-4.902744014089832070e-01,1.150310425676862452e-01,0.000000000000000000e+00,4.979999999999999982e-01,2.999999999999999889e-01,0.000000000000000000e+00,5.010000000000000009e-01,0.000000000000000000e+00,4.979999999999999982e-01,-2.999999999999999889e-01,0.000000000000000000e+00,5.010000000000000009e-01,0.000000000000000000e+00
-1.909461034007136349e-01,-9.271643680202967070e-05,4.670717900232674857e-01,1.284768020449734261e-06,-2.843478434255667167e-02,3.727780596513441340e-06,9.995956497623653680e-01,-1.361693088407244678e+00,-2.784442749425727892e-03,-1.188216821305709686e-01,1.902646987314386307e+00,-4.839073957325629727e-01,-1.189010318632380825e-01,-1.361754525474008659e+00,2.764699212729143131e-03,1.183103734400205442e-01,1.902730927241370606e+00,-4.839309189783900789e-01,1.183845515310456287e-01,0.000000000000000000e+00,4.979999999999999982e-01,2.999999999999999889e-01,0.000000000000000000e+00,5.010000000000000009e-01,0.000000000000000000e+00,4.979999999999999982e-01,-2.999999999999999889e-01,0.000000000000000000e+00,5.010000000000000009e-01,0.000000000000000000e+00
-1.933558739073060750e-01,-9.226631441526025326e-05,4.580157820369678001e-01,1.248771941672950502e-06,-2.240101372949668615e-02,3.355534395346900900e-06,9.997490658015500964e-01,-1.404105844573015904e+00,-6.489015219118850555e-03,-1.214894750344277241e-01,1.925235525792625246e+00,-4.759294241236104450e-01,-1.216667636481938292e-01,-1.404171334274504357e+00,6.455419994998707993e-03,1.209691974182942609e-01,1.925318800651391493e+00,-4.759501171791740148e-01,1.211407586717131862e-01,0.000000000000000000e+00,4.979999999999999982e-01,2.999999999999999889e-01,0.000000000000000000e+00,5.010000000000000009e-01,0.000000000000000000e+00,4.979999999999999982e-01,-2.999999999999999889e-01,0.000000000000000000e+00,5.010000000000000009e-01,0.000000000000000000e+00
-1.952679666480563736e-01,-9.199759275378676250e-05,4.543260069225830144e-01,1.243620266953253923e-06,-1.663410142145020296e-02,2.498688179381824137e-06,9.998616437598309981e-01,-1.430454623842404516e+00,-8.382701233879095992e-03,-1.225458073492939476e-01,1.930688830491131158e+00,-4.664498522175539730e-01,-1.228413044474629262e-01,-1.430522683477023715e+00,8.344843296241436989e-03,1.220221546229911802e-01,1.930771032368769013e+00,-4.664678964661091998e-01,1.223115128126981421e-01,0.000000000000000000e+00,4.979999999999999982e-01,2.999999999999999889e-01,0.000000000000000000e+00,5.010000000000000009e-01,0.000000000000000000e+00,4.979999999999999982e-01,-2.999999999999999889e-01,0.000000000000000000e+00,5.010000000000000009e-01,0.000000000000000000e+00
-1.968508971128520579e-01,-9.183411771925005355e-05,4.531185066666097994e-01,1.244081687026299353e-06,-1.115399701448503873e-02,1.510131907417802567e-06,9.999377922384835582e-01,-1.448671659691585401e+00,-9.292177630568755620e-03,-1.228537293440365302e-01,1.928945410141273742e+00,-4.573938986127485395e-01,-1.232053260191356692e-01,-1.448741301644375534e+00,9.254613034662177717e-03,1.223291755791477003e-01,1.929026450991045083e+00,-4.574096694864041579e-01,1.226745551182635424e-01,0.000000000000000000e+00,4.979999999999999982e-01,2.999999999999999889e-01,0.000000000000000000e+00,5.010000000000000009e-01,0.000000000000000000e+00,4.979999999999999982e-01,-2.999999999999999889e-01,0.000000000000000000e+00,5.010000000000000009e-01,0.000000000000000000e+00
-1.980409428452482301e-01,-9.179626398423831825e-05,4.548738243418855576e-01,1.251257063327153118e-06,-6.016564037194281796e-03,3.644234340052607029e-07,9.999819003139446272e-01,-1.457182729605501992e+00,-9.026911474214452738e-03,-1.222683564206598905e-01,1.918612052239857757e+00,-4.488435714879027705e-01,-1.226019201147547505e-01,-1.457252775069327821e+00,8.995078281074207413e-03,1.217458546437707456e-01,1.918691826970074343e+00,-4.488575170985913410e-01,1.220735208224188184e-01,0.000000000000000000e+00,4.979999999999999982e-01,2.999999999999999889e-01,0.000000000000000000e+00,5.010000000000000009e-01,0.000000000000000000e+00,4.979999999999999982e-01,-2.999999999999999889e-01,0.000000000000000000e+00,5.010000000000000009e-01,0.000000000000000000e+00
-1.985275155936306324e-01,-9.191127028768518599e-05,4.599997118064750867e-01,1.254870287058805840e-06,-1.502471516571579364e-03,-8.046725922595727147e-07,9.999988712879228636e-01,-1.453809699984093040e+00,-7.418239952240299716e-03,-1.207121653513657800e-01,1.899112593861331355e+00,-4.418482760696880729e-01,-1.209512130358174481e-01,-1.453878726518599063e+00,7.397747972802291502e-03,1.201951032520871543e-01,1.899191197924068319e+00,-4.418612149233787090e-01,1.204287770430758631e-01,0.000000000000000000e+00,4.979999999999999982e-01,2.999999999999999889e-01,0.000000000000000000e+00,5.010000000000000009e-01,0.000000000000000000e+00,4.979999999999999982e-01,-2.999999999999999889e-01,0.000000000000000000e+00,5.010000000000000009e-01,0.000000000000000000e+00
-1.987045406098122136e-01,-9.208495396417509143e-05,4.664410133187865126e-01,1.256131896835719983e-06,2.745130661008191031e-03,-1.963880548619552200e-06,9.999962321190112302e-01,-1.445732377356028442e+00,-5.304938672689626586e-03,-1.187851117128546630e-01,1.876038752564820111e+00,-4.354801981757581708e-01,-1.189121909867324328e-01,-1.445799855645873766e+00,5.297838360328865730e-03,1.182748295657350401e-01,1.876116250371769878e+00,-4.354924695027318493e-01,1.183970576962449228e-01,0.000000000000000000e+00,4.979999999999999982e-01,2.999999999999999889e-01,0.000000000000000000e+00,5.010000000000000009e-01,0.000000000000000000e+00,4.979999999999999982e-01,-2.999999999999999889e-01,0.000000000000000000e+00,5.010000000000000009e-01,0.000000000000000000e+00
-1.979417348140587174e-01,-9.239142783838677877e-05,4.759898513009762078e-01,1.246219844940079108e-06,6.224900563482239392e-03,-2.986565654962651302e-06,9.999806251135578972e-01,-1.426146346636479878e+00,-2.116586453808333521e-03,-1.160296713259885981e-01,1.844537592145172544e+00,-4.307150575345169985e-01,-1.160774029639092264e-01,-1.426211180005498180e+00,2.126894562572784631e-03,1.155294437006584851e-01,1.844614297668859093e+00,-4.307275806697661302e-01,1.155723653883340835e-01,0.000000000000000000e+00,4.979999999999999982e-01,2.999999999999999889e-01,0.000000000000000000e+00,5.010000000000000009e-01,0.000000000000000000e+00,4.979999999999999982e-01,-2.999999999999999889e-01,0.000000000000000000e+00,5.010000000000000009e-01,0.000000000000000000e+00
-1.966786052381707950e-01,-9.273915054628413264e-05,4.866928916758515022e-01,1.230225927043182607e-06,9.334291534816786112e-03,-3.901552910043614270e-06,9.999564345434293067e-01,-1.402045916693952732e+00,1.365094089733907660e-03,-1.129962941279415989e-01,1.809705244967362958e+00,-4.264013843506495594e-01,-1.130438398349781354e-01,-1.402107860340775503e+00,-1.336474895009410807e-03,1.125074024794906064e-01,1.809781360722349186e+00,-4.264145223534425710e-01,1.125496488662775380e-01,0.000000000000000000e+00,4.979999999999999982e-01,2.999999999999999889e-01,0.000000000000000000e+00,5.010000000000000009e-01,0.000000000000000000e+00,4.979999999999999982e-01,-2.999999999999999889e-01,0.000000000000000000e+00,5.010000000000000009e-01,0.000000000000000000e+00
-1.947603417579427953e-01,-9.314088529705237453e-05,4.989072676097033865e-01,1.206277742874931818e-06,1.195872354434469528e-02,-4.675533747427207928e-06,9.999284918972326519e-01,-1.372034242660839176e+00,5.230864573068775593e-03,-1.095989809438419754e-01,1.770510975623122985e+00,-4.226788716308163552e-01,-1.097499966303826652e-01,-1.372092976037687428e+00,-5.182752325104176758e-03,1.091231032350402780e-01,1.770586766786003352e+00,-4.226930998981773824e-01,1.092676355014199352e-01,0.000000000000000000e+00,4.979999999999999982e-01,2.999999999999999889e-01,0.000000000000000000e+00,5.010000000000000009e-01,0.000000000000000000e+00,4.979999999999999982e-01,-2.999999999999999889e-01,0.000000000000000000e+00,5.010000000000000009e-01,0.000000000000000000e+00
-1.919347914344156081e-01,-9.357984880365299450e-05,5.126066191721468934e-01,1.172909227325024264e-06,1.396956915453556602e-02,-5.240586217908584012e-06,9.999024207935478525e-01,-1.335758750414111518e+00,9.294680240837141505e-03,-1.058834358629496819e-01,1.726355499365765045e+00,-4.190232706573156496e-01,-1.063559433901693635e-01,-1.335814251406168829e+00,-9.226850790611302103e-03,1.054222861607037043e-01,1.726431348832531132e+00,-4.190390537485073064e-01,1.058859118620429224e-01,0.000000000000000000e+00,4.979999999999999982e-01,2.999999999999999889e-01,0.000000000000000000e+00,5.010000000000000009e-01,0.000000000000000000e+00,4.979999999999999982e-01,-2.999999999999999889e-01,0.000000000000000000e+00,5.010000000000000009e-01,0.000000000000000000e+00
-1.887218674576621735e-01,-9.403173125006318198e-05,5.268888371461486475e-01,1.135707121451091296e-06,1.572302665232045218e-02,-5.717348480715676751e-06,9.998763855591913385e-01,-1.296955868423233849e+00,1.341848964527471086e-02,-1.020459686298129803e-01,1.680144751591357233e+00,-4.153197569522182331e-01,-1.029378019163480068e-01,-1.297008159120665027e+00,-1.333094857850856269e-02,1.016002231088477953e-01,1.680220823921073636e+00,-4.153372775817242291e-01,1.024802490003260819e-01,0.000000000000000000e+00,4.979999999999999982e-01,2.999999999999999889e-01,0.000000000000000000e+00,5.010000000000000009e-01,0.000000000000000000e+00,4.979999999999999982e-01,-2.999999999999999889e-01,0.000000000000000000e+00,5.010000000000000009e-01,0.000000000000000000e+00
-1.844370445073214015e-01,-9.449532399959358888e-05,5.423707297051594267e-01,1.089436021004524862e-06,1.680156483512137977e-02,-5.957269436410395297e-06,9.998588437286611841e-01,-1.252346726295888502e+00,1.750991822944995835e-02,-9.798379742173261853e-02,1.628755357367933199e+00,-4.108659522133762954e-01,-9.960401731560504512e-02,-1.252396122499209952e+00,-1.740349906973358979e-02,9.755487757132165483e-02,1.628832116621044213e+00,-4.108855897073698804e-01,9.915883547928695807e-02,0.000000000000000000e+00,4.979999999999999982e-01,2.999999999999999889e-01,0.000000000000000000e+00,5.010000000000000009e-01,0.000000000000000000e+00,4.979999999999999982e-01,-2.999999999999999889e-01,0.000000000000000000e+00,5.010000000000000009e-01,0.000000000000000000e+00
-1.797070617277203297e-01,-9.495370129762134462e-05,5.581539240815399650e-01,1.040082824624926886e-06,1.761291594721238127e-02,-6.106570690314955108e-06,9.998448805457096356e-01,-1.205797683806430376e+00,2.151086570436086878e-02,-9.387399890923456280e-02,1.575329819148366450e+00,-4.057654140147676780e-01,-9.636308241555539833e-02,-1.205844419310334814e+00,-2.138622720656611909e-02,9.346227602607598550e-02,1.575407475597322637e+00,-4.057872823216507885e-01,9.593001664565566078e-02,0.000000000000000000e+00,4.979999999999999982e-01,2.999999999999999889e-01,0.000000000000000000e+00,5.010000000000000009e-01,0.000000000000000000e+00,4.979999999999999982e-01,-2.999999999999999889e-01,0.000000000000000000e+00,5.010000000000000009e-01,0.000000000000000000e+00
-1.743368659005112287e-01,-9.540457791862999451e-05,5.743704400248474951e-01,9.862983925373147953e-07,1.804002798537169064e-02,-6.125553003942352255e-06,9.998372654346265875e-01,-1.156458745550887901e+00,2.538168646319019506e-02,-8.969570449996774886e-02,1.518975970988288626e+00,-3.997347667361118573e-01,-9.325568065561219699e-02,-1.156503156590594328e+00,-2.523977602516477847e-02,8.930171256977874339e-02,1.519054827039455935e+00,-3.997590297324267739e-01,9.283436420108552578e-02,0.000000000000000000e+00,4.979999999999999982e-01,2.999999999999999889e-01,0.000000000000000000e+00,5.010000000000000009e-01,0.000000000000000000e+00,4.979999999999999982e-01,-2.999999999999999889e-01,0.000000000000000000e+00,5.010000000000000009e-01,0.000000000000000000e+00
-1.682687410803534733e-01,-9.583403946758994006e-05,5.907492824226355799e-01,9.284629964816843495e-07,1.805646388143975628e-02,-6.014190501460702180e-06,9.998369687479383705e-01,-1.104635516980206456e+00,2.901528045520084323e-02,-8.550174016485782846e-02,1.459414463578571075e+00,-3.921293924950042808e-01,-9.036643642728442449e-02,-1.104678111875438073e+00,-2.885751388576556636e-02,8.512573633272564610e-02,1.459494922603784994e+00,-3.921562039773038855e-01,8.995618949020256494e-02,0.000000000000000000e+00,4.979999999999999982e-01,2.999999999999999889e-01,0.000000000000000000e+00,5.010000000000000009e-01,0.000000000000000000e+00,4.979999999999999982e-01,-2.999999999999999889e-01,0.000000000000000000e+00,5.010000000000000009e-01,0.000000000000000000e+00
-1.619026338216032757e-01,-9.625344634302661372e-05,6.071720139409796380e-01,8.689372641578945899e-07,1.789708816321121734e-02,-5.847715309982284083e-06,9.998398342736338762e-01,-1.051782543738380760e+00,3.254116704693556239e-02,-8.130502513061245440e-02,1.398468115832017133e+00,-3.838041949997035296e-01,-8.757546457758337566e-02,-1.051823551353481934e+00,-3.236817453457291327e-02,8.094709597427478254e-02,1.398550361542145959e+00,-3.838336228116108195e-01,8.717597650862779490e-02,0.000000000000000000e+00,4.979999999999999982e-01,2.999999999999999889e-01,0.000000000000000000e+00,5.010000000000000009e-01,0.000000000000000000e+00,4.979999999999999982e-01,-2.999999999999999889e-01,0.000000000000000000e+00,5.010000000000000009e-01,0.000000000000000000e+00
-1.548132363579642901e-01,-9.663676739884581829e-05,6.233755678548390522e-01,8.058107642580966095e-07,1.730490123886921708e-02,-5.554360683396963179e-06,9.998502589696183218e-01,-9.968264303512499591e-01,3.572330826118896852e-02,-7.715211890961017061e-02,1.333964000023380336e+00,-3.731232013406130532e-01,-8.508876225698708273e-02,-9.968665578837019314e-01,-3.553694886981499657e-02,7.681217713332147423e-02,1.334048625584827397e+00,-3.731554380924447800e-01,8.469901749445875316e-02,0.000000000000000000e+00,4.979999999999999982e-01,2.999999999999999889e-01,0.000000000000000000e+00,5.010000000000000009e-01,0.000000000000000000e+00,4.979999999999999982e-01,-2.999999999999999889e-01,0.000000000000000000e+00,5.010000000000000009e-01,0.000000000000000000e+00
-1.475058839516002474e-01,-9.700350754314614838e-05,6.393342872921061737e-01,7.417651902978471446e-07,1.657208634103192815e-02,-5.223129573221763005e-06,9.998626735339578575e-01,-9.413778879236988084e-01,3.876077888795262383e-02,-7.303608922062676534e-02,1.268214355212036182e+00,-3.613951395008697109e-01,-8.272862816575111966e-02,-9.414174452797150483e-01,-3.856177806465185126e-02,7.271397131311617412e-02,1.268301663560931214e+00,-3.614302870173320970e-01,8.234818205250626910e-02,0.000000000000000000e+00,4.979999999999999982e-01,2.999999999999999889e-01,0.000000000000000000e+00,5.010000000000000009e-01,0.000000000000000000e+00,4.979999999999999982e-01,-2.999999999999999889e-01,0.000000000000000000e+00,5.010000000000000009e-01,0.000000000000000000e+00
-1.398537026510776882e-01,-9.734401484632940172e-05,6.549056514312567856e-01,6.762654422960061351e-07,1.561677980009314008e-02,-4.831972910919561682e-06,9.998780506466127260e-01,-8.851502681357691360e-01,4.156936459897343783e-02,-6.897840229550768198e-02,1.200494145368873999e+00,-3.480104996623487601e-01,-8.056873905184969153e-02,-8.851897456213531079e-01,-4.135887008149749522e-02,6.867384956380860606e-02,1.200584615783774067e+00,-3.480487190414212062e-01,8.019688809096714444e-02,0.000000000000000000e+00,4.979999999999999982e-01,2.999999999999999889e-01,0.000000000000000000e+00,5.010000000000000009e-01,0.000000000000000000e+00,4.979999999999999982e-01,-2.999999999999999889e-01,0.000000000000000000e+00,5.010000000000000009e-01,0.000000000000000000e+00
-1.319633291702791977e-01,-9.765321332986329087e-05,6.697793807889422801e-01,6.100791413384066313e-07,1.447244602259310266e-02,-4.394912223923678446e-06,9.998952686588911121e-01,-8.286281261312113955e-01,4.412172298098251261e-02,-6.501378858099178537e-02,1.130924089666487165e+00,-3.326732065397594029e-01,-7.863397266529083274e-02,-8.286681423205585206e-01,-4.390092617112904133e-02,6.472634018873259232e-02,1.131018452164934018e+00,-3.327147719037116258e-01,7.826989148757547421e-02,0.000000000000000000e+00,4.979999999999999982e-01,2.999999999999999889e-01,0.000000000000000000e+00,5.010000000000000009e-01,0.000000000000000000e+00,4.979999999999999982e-01,-2.999999999999999889e-01,0.000000000000000000e+00,5.010000000000000009e-01,0.000000000000000000e+00
-1.239735068552403896e-01,-9.794814154020780878e-05,6.843229097034013719e-01,5.436371630150742170e-07,1.324550979744826967e-02,-3.938093897616110407e-06,9.999122743793086299e-01,-7.720027514549064884e-01,4.655800319646486579e-02,-6.109277766461202602e-02,1.060536995125247461e+00,-3.164483477990064353e-01,-7.680137661135416627e-02,-7.720435937551151095e-01,-4.632743887693230311e-02,6.082221787784856254e-02,1.060635597718863510e+00,-3.164933920878679752e-01,7.644468902198416072e-02,0.000000000000000000e+00,4.979999999999999982e-01,2.999999999999999889e-01,0.000000000000000000e+00,5.010000000000000009e-01,0.000000000000000000e+00,4.979999999999999982e-01,-2.999999999999999889e-01,0.000000000000000000e+00,5.010000000000000009e-01,0.000000000000000000e+00
-1.158950943362736935e-01,-9.820166085183940107e-05,6.976401159117413542e-01,4.777231625205005295e-07,1.185718909996697108e-02,-3.449600765678936818e-06,9.999297010562890886e-01,-7.157579962259178474e-01,4.867298077735050799e-02,-5.732419491186386412e-02,9.883516563727647863e-01,-2.977014192927095459e-01,-7.525563454634680294e-02,-7.158006185373815278e-01,-4.843401984880243288e-02,5.706977293215164532e-02,9.884558440026020021e-01,-2.977505036987980191e-01,7.490524893814307084e-02,0.000000000000000000e+00,4.979999999999999982e-01,2.999999999999999889e-01,0.000000000000000000e+00,5.010000000000000009e-01,0.000000000000000000e+00,4.979999999999999982e-01,-2.999999999999999889e-01,0.000000000000000000e+00,5.010000000000000009e-01,0.000000000000000000e+00
-1.078743545096618323e-01,-9.844014626015670886e-05,7.104008752963162365e-01,4.126550313581888639e-07,1.044272413578341621e-02,-2.960612569352872908e-06,9.999454732652619526e-01,-6.599632776931337874e-01,5.067668082223728693e-02,-5.362330537431057864e-02,9.158207217474050310e-01,-2.781008389020176441e-01,-7.381162762244915243e-02,-6.600081234540771113e-01,-5.042975282080811722e-02,5.338471147526883953e-02,9.159312149032889927e-01,-2.781542884074966748e-01,7.346714385587170548e-02,0.000000000000000000e+00,4.979999999999999982e-01,2.999999999999999889e-01,0.000000000000000000e+00,5.010000000000000009e-01,0.000000000000000000e+00,4.979999999999999982e-01,-2.999999999999999889e-01,0.000000000000000000e+00,5.010000000000000009e-01,0.000000000000000000e+00
-9.995420281809999641e-02,-9.865241072689562665e-05,7.221911242716894108e-01,3.490629533631335018e-07,8.982678743390285978e-03,-2.470766414087417668e-06,9.999596549243208177e-01,-6.049534774661712300e-01,5.248629941605836846e-02,-5.004048097285498237e-02,8.426870262153784985e-01,-2.570113866115199541e-01,-7.254505906141341109e-02,-6.050013200863691987e-01,-5.223215350460030243e-02,4.981717495429981851e-02,8.428050815185093025e-01,-2.570697680244998784e-01,7.220577924481812182e-02,0.000000000000000000e+00,4.979999999999999982e-01,2.999999999999999889e-01,0.000000000000000000e+00,5.010000000000000009e-01,0.000000000000000000e+00,4.979999999999999982e-01,-2.999999999999999889e-01,0.000000000000000000e+00,5.010000000000000009e-01,0.000000000000000000e+00
-9.232193947966779723e-02,-9.883770729410744046e-05,7.327837419220586401e-01,2.885718110717911782e-07,7.538689662971515687e-03,-2.002799994268643162e-06,9.999715836732917529e-01,-5.514818014363508381e-01,5.410386481936861613e-02,-4.661024900792145459e-02,7.698039549476642929e-01,-2.346592132809183218e-01,-7.145822304974910888e-02,-5.515337396016677385e-01,-5.384316721180568838e-02,4.640161339714446442e-02,7.699315446898027382e-01,-2.347234637365202270e-01,7.112341945201246241e-02,0.000000000000000000e+00,4.979999999999999982e-01,2.999999999999999889e-01,0.000000000000000000e+00,5.010000000000000009e-01,0.000000000000000000e+00,4.979999999999999982e-01,-2.999999999999999889e-01,0.000000000000000000e+00,5.010000000000000009e-01,0.000000000000000000e+00
-8.482992556901607084e-02,-9.901030971080518144e-05,7.428084467210451791e-01,2.295853613296477133e-07,6.103753048265293628e-03,-1.545694714413568674e-06,9.999813719246393173e-01,-4.987579673092905619e-01,5.563109406753506680e-02,-4.325297453276861354e-02,6.970725535899952030e-01,-2.117256085648104857e-01,-7.045593958425050429e-02,-4.988145283284654563e-01,-5.536415701545527313e-02,4.305871622786051206e-02,6.972106283951237105e-01,-2.117961807681250919e-01,7.012526947121917875e-02,0.000000000000000000e+00,4.979999999999999982e-01,2.999999999999999889e-01,0.000000000000000000e+00,5.010000000000000009e-01,0.000000000000000000e+00,4.979999999999999982e-01,-2.999999999999999889e-01,0.000000000000000000e+00,5.010000000000000009e-01,0.000000000000000000e+00
-7.802047855017739397e-02,-9.914654170396478190e-05,7.509587445683539864e-01,1.775956207171168823e-07,4.783760808853725066e-03,-1.153129383842751396e-06,9.999885577501187450e-01,-4.495889804625816111e-01,5.690340099261437246e-02,-4.017171922904681086e-02,6.267729654724527588e-01,-1.878935681211706676e-01,-6.969294892211469472e-02,-4.496522762970437403e-01,-5.663103946739650452e-02,3.999085328704492237e-02,6.269255671601824398e-01,-1.879724456592122839e-01,6.936541956386764463e-02,0.000000000000000000e+00,4.979999999999999982e-01,2.999999999999999889e-01,0.000000000000000000e+00,5.010000000000000009e-01,0.000000000000000000e+00,4.979999999999999982e-01,-2.999999999999999889e-01,0.000000000000000000e+00,5.010000000000000009e-01,0.000000000000000000e+00
-7.228631997864828906e-02,-9.925297756212772711e-05,7.566468816970711719e-01,1.290319550786994019e-07,3.534872952831521250e-03,-7.935484517673787113e-07,9.999937523167637954e-01,-4.134667660427567837e-01,5.783229201605119552e-02,-3.795621208704869770e-02,5.788676238668827301e-01,-1.735685172401647824e-01,-6.916527510317514726e-02,-4.135345761790508723e-01,-5.755608406780831493e-02,3.778466366677105115e-02,5.790302079855510486e-01,-1.736532141841786447e-01,6.883988732994276993e-02,0.000000000000000000e+00,4.979999999999999982e-01,2.999999999999999889e-01,0.000000000000000000e+00,5.010000000000000009e-01,0.000000000000000000e+00,4.979999999999999982e-01,-2.999999999999999889e-01,0.000000000000000000e+00,5.010000000000000009e-01,0.000000000000000000e+00
-6.862512548009440383e-02,-9.930197179379857955e-05,7.575884127180954053e-01,8.707356189001516934e-08,2.423072663170243619e-03,-4.975582811289891165e-07,9.999970643549980220e-01,-4.024963986244352587e-01,5.809913851741171920e-02,-3.740971277265987827e-02,5.741343897798305562e-01,-1.775712442263907009e-01,-6.909125012881518757e-02,-4.025644423092176183e-01,-5.782212634491187830e-02,3.723962630810051522e-02,5.742981954383008514e-01,-1.776569681497404962e-01,6.876607771973983207e-02,0.000000000000000000e+00,4.979999999999999982e-01,2.999999999999999889e-01,0.000000000000000000e+00,5.010000000000000009e-01,0.000000000000000000e+00,4.979999999999999982e-01,-2.999999999999999889e-01,0.000000000000000000e+00,5.010000000000000009e-01,0.000000000000000000e+00
-6.402368089133521345e-02,-9.937760260384469321e-05,7.621790231351998068e-01,5.367422120515902533e-08,1.508858409604046935e-03,-2.794843165334791358e-07,9.999988616724615476e-01,-3.689096531547413349e-01,5.886960585793095391e-02,-3.533502301958269670e-02,5.249110863840592556e-01,-1.600586502141278511e-01,-6.869246936243672552e-02,-3.689853211828299506e-01,-5.858903883514968158e-02,3.517428148475006816e-02,5.250909371065414222e-01,-1.601532072179922550e-01,6.836891556493147892e-02,0.000000000000000000e+00,4.979999999999999982e-01,2.999999999999999889e-01,0.000000000000000000e+00,5.010000000000000009e-01,0.000000000000000000e+00,4.979999999999999982e-01,-2.999999999999999889e-01,0.000000000000000000e+00,5.010000000000000009e-01,0.000000000000000000e+00
-5.895337107378797320e-02,-9.946651601342911540e-05,7.685892839450367831e-01,2.454295034362882003e-08,6.931727438999812571e-04,-1.002641445103866605e-07,9.999997597557394036e-01,-3.240450217482346851e-01,5.989120882974060395e-02,-3.249828562925312359e-02,4.535023594052142171e-01,-1.318172235141683857e-01,-6.813174583177547539e-02,-3.241319996143073867e-01,-5.960571532915696219e-02,3.235081994896233520e-02,4.537056470921637108e-01,-1.319245061899474991e-01,6.781051038937266351e-02,0.000000000000000000e+00,4.979999999999999982e-01,2.999999999999999889e-01,0.000000000000000000e+00,5.010000000000000009e-01,0.000000000000000000e+00,4.979999999999999982e-01,-2.999999999999999889e-01,0.000000000000000000e+00,5.010000000000000009e-01,0.000000000000000000e+00
-5.580459705841625540e-02,-9.951489307660269759e-05,7.720403221710009367e-01,1.000816772760929687e-08,2.529863834878882749e-04,-3.355834952662293279e-08,9.999999679989437507e-01,-2.951359996242782224e-01,6.050779651712277080e-02,-3.067755289167281574e-02,4.061831572609447827e-01,-1.124812324942678077e-01,-6.784967380363009226e-02,-2.952345640817087835e-01,-6.021913328906233071e-02,3.053907405940725975e-02,4.064104574503578649e-01,-1.126013726645102020e-01,6.752957385688429515e-02,0.000000000000000000e+00,4.979999999999999982e-01,2.999999999999999889e-01,0.000000000000000000e+00,5.010000000000000009e-01,0.000000000000000000e+00,4.979999999999999982e-01,-2.999999999999999889e-01,0.000000000000000000e+00,5.010000000000000009e-01,0.000000000000000000e+00
