-0.03568508080925579,-0.0002323836426100473,0.7214599740290567,7.009615920198502e-05,0.013203337956583761,0.00010666225883659422,0.9999128239884191,-0.45913381580636276,-0.0008950604339812844,0.001186791462834341,0.9084820404266013,-0.4748064505111691,0.0015081142713028258,-0.45916282473089404,0.00108859037665525,-0.0018101502064489425,0.908720649618819,-0.4750171241295347,-0.0010656586725016873,3.899724865320457e-17,0.0,0.0,0.49761537125276295,0.3,8.691643409531903e-19,0.5024595853575731,0.0,0.0,0.0,0.49762032472828477,-0.3,6.882079910097512e-19,0.502459974945674,0.0,0.0,0.0
-0.03568508080925579,-0.0002323836426100473,0.7214599740290567,7.009615920198502e-05,0.013203337956583761,0.00010666225883659422,0.9999128239884191,-0.45913381580636276,-0.0008950604339812844,0.001186791462834341,0.9084820404266013,-0.4748064505111691,0.0015081142713028258,-0.45916282473089404,0.00108859037665525,-0.0018101502064489425,0.908720649618819,-0.4750171241295347,-0.0010656586725016873,3.899724865320457e-17,0.0,0.0,0.49761537125276295,0.3,8.691643409531903e-19,0.5024595853575731,0.0,0.0,0.0,0.49762032472828477,-0.3,6.882079910097512e-19,0.502459974945674,0.0,0.0,0.0
-0.03568508080925579,-0.0002323836426100473,0.7214599740290567,7.009615920198502e-05,0.013203337956583761,0.00010666225883659422,0.9999128239884191,-0.45913381580636276,-0.0008950604339812844,0.001186791462834341,0.9084820404266013,-0.4748064505111691,0.0015081142713028258,-0.45916282473089404,0.00108859037665525,-0.0018101502064489425,0.908720649618819,-0.4750171241295347,-0.0010656586725016873,3.899724865320457e-17,0.0,0.0,0.49761537125276295,0.3,8.691643409531903e-19,0.5024595853575731,0.0,0.0,0.0,0.49762032472828477,-0.3,6.882079910097512e-19,0.502459974945674,0.0,0.0,0.0
-0.03568508080925579,-0.0002323836426100473,0.7214599740290567,7.009615920198502e-05,0.013203337956583761,0.00010666225883659422,0.9999128239884191,-0.45913381580636276,-0.0008950604339812844,0.001186791462834341,0.9084820404266013,-0.4748064505111691,0.0015081142713028258,-0.45916282473089404,0.00108859037665525,-0.0018101502064489425,0.908720649618819,-0.4750171241295347,-0.0010656586725016873,3.899724865320457e-17,0.0,0.0,0.49761537125276295,0.3,8.691643409531903e-19,0.5024595853575731,0.0,0.0,0.0,0.49762032472828477,-0.3,6.882079910097512e-19,0.502459974945674,0.0,0.0,0.0
-0.03568508080925579,-0.0002323836426100473,0.7214599740290567,7.009615920198502e-05,0.013203337956583761,0.00010666225883659422,0.9999128239884191,-0.45913381580636276,-0.0008950604339812844,0.001186791462834341,0.9084820404266013,-0.4748064505111691,0.0015081142713028258,-0.45916282473089404,0.00108859037665525,-0.0018101502064489425,0.908720649618819,-0.4750171241295347,-0.0010656586725016873,3.899724865320457e-17,0.0,0.0,0.49761537125276295,0.3,8.691643409531903e-19,0.5024595853575731,0.0,0.0,0.0,0.49762032472828477,-0.3,6.882079910097512e-19,0.502459974945674,0.0,0.0,0.0
-0.03568508080925579,-0.0002323836426100473,0.7214599740290567,7.009615920198502e-05,0.013203337956583761,0.00010666225883659422,0.9999128239884191,-0.45913381580636276,-0.0008950604339812844,0.001186791462834341,0.9084820404266013,-0.4748064505111691,0.0015081142713028258,-0.45916282473089404,0.00108859037665525,-0.0018101502064489425,0.908720649618819,-0.4750171241295347,-0.0010656586725016873,3.899724865320457e-17,0.0,0.0,0.49761537125276295,0.3,8.691643409531903e-19,0.5024595853575731,0.0,0.0,0.0,0.49762032472828477,-0.3,6.882079910097512e-19,0.502459974945674,0.0,0.0,0.0
-0.03568508080925579,-0.0002323836426100473,0.7214599740290567,7.009615920198502e-05,0.013203337956583761,0.00010666225883659422,0.9999128239884191,-0.45913381580636276,-0.0008950604339812844,0.001186791462834341,0.9084820404266013,-0.4748064505111691,0.0015081142713028258,-0.45916282473089404,0.00108859037665525,-0.0018101502064489425,0.908720649618819,-0.4750171241295347,-0.0010656586725016873,3.899724865320457e-17,0.0,0.0,0.49761537125276295,0.3,8.691643409531903e-19,0.5024595853575731,0.0,0.0,0.0,0.49762032472828477,-0.3,6.882079910097512e-19,0.502459974945674,0.0,0.0,0.0
-0.03568508080925579,-0.0002323836426100473,0.7214599740290567,7.009615920198502e-05,0.013203337956583761,0.00010666225883659422,0.9999128239884191,-0.45913381580636276,-0.0008950604339812844,0.001186791462834341,0.9084820404266013,-0.4748064505111691,0.0015081142713028258,-0.45916282473089404,0.00108859037665525,-0.0018101502064489425,0.908720649618819,-0.4750171241295347,-0.0010656586725016873,3.899724865320457e-17,0.0,0.0,0.49761537125276295,0.3,8.691643409531903e-19,0.5024595853575731,0.0,0.0,0.0,0.49762032472828477,-0.3,6.882079910097512e-19,0.502459974945674,0.0,0.0,0.0
-0.03568508080925579,-0.0002323836426100473,0.7214599740290567,7.009615920198502e-05,0.013203337956583761,0.00010666225883659422,0.9999128239884191,-0.45913381580636276,-0.0008950604339812844,0.001186791462834341,0.9084820404266013,-0.4748064505111691,0.0015081142713028258,-0.45916282473089404,0.00108859037665525,-0.0018101502064489425,0.908720649618819,-0.4750171241295347,-0.0010656586725016873,3.899724865320457e-17,0.0,0.0,0.49761537125276295,0.3,8.691643409531903e-19,0.5024595853575731,0.0,0.0,0.0,0.49762032472828477,-0.3,6.882079910097512e-19,0.502459974945674,0.0,0.0,0.0
-0.03568508080925579,-0.0002323836426100473,0.7214599740290567,7.009615920198502e-05,0.013203337956583761,0.00010666225883659422,0.9999128239884191,-0.45913381580636276,-0.0008950604339812844,0.001186791462834341,0.9084820404266013,-0.4748064505111691,0.0015081142713028258,-0.45916282473089404,0.00108859037665525,-0.0018101502064489425,0.908720649618819,-0.4750171241295347,-0.0010656586725016873,3.899724865320457e-17,0.0,0.0,0.49761537125276295,0.3,8.691643409531903e-19,0.5024595853575731,0.0,0.0,0.0,0.49762032472828477,-0.3,6.882079910097512e-19,0.502459974945674,0.0,0.0,0.0
-0.03568508080925579,-0.0002323836426100473,0.7214599740290567,7.009615920198502e-05,0.013203337956583761,0.00010666225883659422,0.9999128239884191,-0.45913381580636276,-0.0008950604339812844,0.001186791462834341,0.9084820404266013,-0.4748064505111691,0.0015081142713028258,-0.45916282473089404,0.00108859037665525,-0.0018101502064489425,0.908720649618819,-0.4750171241295347,-0.0010656586725016873,3.899724865320457e-17,0.0,0.0,0.49761537125276295,0.3,8.691643409531903e-19,0.5024595853575731,0.0,0.0,0.0,0.49762032472828477,-0.3,6.882079910097512e-19,0.502459974945674,0.0,0.0,0.0
-0.03568508080925579,-0.0002323836426100473,0.7214599740290567,7.009615920198502e-05,0.013203337956583761,0.00010666225883659422,0.9999128239884191,-0.45913381580636276,-0.0008950604339812844,0.001186791462834341,0.9084820404266013,-0.4748064505111691,0.0015081142713028258,-0.45916282473089404,0.00108859037665525,-0.0018101502064489425,0.908720649618819,-0.4750171241295347,-0.0010656586725016873,3.899724865320457e-17,0.0,0.0,0.49761537125276295,0.3,8.691643409531903e-19,0.5024595853575731,0.0,0.0,0.0,0.49762032472828477,-0.3,6.882079910097512e-19,0.502459974945674,0.0,0.0,0.0
-0.03568508080925579,-0.0002323836426100473,0.7214599740290567,7.009615920198502e-05,0.013203337956583761,0.00010666225883659422,0.9999128239884191,-0.45913381580636276,-0.0008950604339812844,0.001186791462834341,0.9084820404266013,-0.4748064505111691,0.0015081142713028258,-0.45916282473089404,0.00108859037665525,-0.0018101502064489425,0.908720649618819,-0.4750171241295347,-0.0010656586725016873,3.899724865320457e-17,0.0,0.0,0.49761537125276295,0.3,8.691643409531903e-19,0.5024595853575731,0.0,0.0,0.0,0.49762032472828477,-0.3,6.882079910097512e-19,0.502459974945674,0.0,0.0,0.0
-0.03568508080925579,-0.0002323836426100473,0.7214599740290567,7.009615920198502e-05,0.013203337956583761,0.00010666225883659422,0.9999128239884191,-0.45913381580636276,-0.0008950604339812844,0.001186791462834341,0.9084820404266013,-0.4748064505111691,0.0015081142713028258,-0.45916282473089404,0.00108859037665525,-0.0018101502064489425,0.908720649618819,-0.4750171241295347,-0.0010656586725016873,3.899724865320457e-17,0.0,0.0,0.49761537125276295,0.3,8.691643409531903e-19,0.5024595853575731,0.0,0.0,0.0,0.49762032472828477,-0.3,6.882079910097512e-19,0.502459974945674,0.0,0.0,0.0
-0.03568508080925579,-0.0002323836426100473,0.7214599740290567,7.009615920198502e-05,0.013203337956583761,0.00010666225883659422,0.9999128239884191,-0.45913381580636276,-0.0008950604339812844,0.001186791462834341,0.9084820404266013,-0.4748064505111691,0.0015081142713028258,-0.45916282473089404,0.00108859037665525,-0.0018101502064489425,0.908720649618819,-0.4750171241295347,-0.0010656586725016873,3.899724865320457e-17,0.0,0.0,0.49761537125276295,0.3,8.691643409531903e-19,0.5024595853575731,0.0,0.0,0.0,0.49762032472828477,-0.3,6.882079910097512e-19,0.502459974945674,0.0,0.0,0.0
-0.03568508080925579,-0.0002323836426100473,0.7214599740290567,7.009615920198502e-05,0.013203337956583761,0.00010666225883659422,0.9999128239884191,-0.45913381580636276,-0.0008950604339812844,0.001186791462834341,0.9084820404266013,-0.4748064505111691,0.0015081142713028258,-0.45916282473089404,0.00108859037665525,-0.0018101502064489425,0.908720649618819,-0.4750171241295347,-0.0010656586725016873,3.899724865320457e-17,0.0,0.0,0.49761537125276295,0.3,8.691643409531903e-19,0.5024595853575731,0.0,0.0,0.0,0.49762032472828477,-0.3,6.882079910097512e-19,0.502459974945674,0.0,0.0,0.0
-0.03568508080925579,-0.0002323836426100473,0.7214599740290567,7.009615920198502e-05,0.013203337956583761,0.00010666225883659422,0.9999128239884191,-0.45913381580636276,-0.0008950604339812844,0.001186791462834341,0.9084820404266013,-0.4748064505111691,0.0015081142713028258,-0.45916282473089404,0.00108859037665525,-0.0018101502064489425,0.908720649618819,-0.4750171241295347,-0.0010656586725016873,3.899724865320457e-17,0.0,0.0,0.49761537125276295,0.3,8.691643409531903e-19,0.5024595853575731,0.0,0.0,0.0,0.49762032472828477,-0.3,6.882079910097512e-19,0.502459974945674,0.0,0.0,0.0
-0.03568508080925579,-0.0002323836426100473,0.7214599740290567,7.009615920198502e-05,0.013203337956583761,0.00010666225883659422,0.9999128239884191,-0.45913381580636276,-0.0008950604339812844,0.001186791462834341,0.9084820404266013,-0.4748064505111691,0.0015081142713028258,-0.45916282473089404,0.00108859037665525,-0.0018101502064489425,0.908720649618819,-0.4750171241295347,-0.0010656586725016873,3.899724865320457e-17,0.0,0.0,0.49761537125276295,0.3,8.691643409531903e-19,0.5024595853575731,0.0,0.0,0.0,0.49762032472828477,-0.3,6.882079910097512e-19,0.502459974945674,0.0,0.0,0.0
-0.03568508080925579,-0.0002323836426100473,0.7214599740290567,7.009615920198502e-05,0.013203337956583761,0.00010666225883659422,0.9999128239884191,-0.45913381580636276,-0.0008950604339812844,0.001186791462834341,0.9084820404266013,-0.4748064505111691,0.0015081142713028258,-0.45916282473089404,0.00108859037665525,-0.0018101502064489425,0.908720649618819,-0.4750171241295347,-0.0010656586725016873,3.899724865320457e-17,0.0,0.0,0.49761537125276295,0.3,8.691643409531903e-19,0.5024595853575731,0.0,0.0,0.0,0.49762032472828477,-0.3,6.882079910097512e-19,0.502459974945674,0.0,0.0,0.0
-0.03568508080925579,-0.0002323836426100473,0.7214599740290567,7.009615920198502e-05,0.013203337956583761,0.00010666225883659422,0.9999128239884191,-0.45913381580636276,-0.0008950604339812844,0.001186791462834341,0.9084820404266013,-0.4748064505111691,0.0015081142713028258,-0.45916282473089404,0.00108859037665525,-0.0018101502064489425,0.908720649618819,-0.4750171241295347,-0.0010656586725016873,3.899724865320457e-17,0.0,0.0,0.49761537125276295,0.3,8.691643409531903e-19,0.5024595853575731,0.0,0.0,0.0,0.49762032472828477,-0.3,6.882079910097512e-19,0.502459974945674,0.0,0.0,0.0
-0.03568508080925579,-0.0002323836426100473,0.7214599740290567,7.009615920198502e-05,0.013203337956583761,0.00010666225883659422,0.9999128239884191,-0.45913381580636276,-0.0008950604339812844,0.001186791462834341,0.9084820404266013,-0.4748064505111691,0.0015081142713028258,-0.45916282473089404,0.00108859037665525,-0.0018101502064489425,0.908720649618819,-0.4750171241295347,-0.0010656586725016873,3.899724865320457e-17,0.0,0.0,0.49761537125276295,0.3,8.691643409531903e-19,0.5024595853575731,0.0,0.0,0.0,0.49762032472828477,-0.3,6.882079910097512e-19,0.502459974945674,0.0,0.0,0.0
-0.03365203976968823,-0.0002644437455407992,0.733771858057677,7.10680514205924e-05,0.015683008208074955,4.603748056119193e-05,0.9998770104785027,-0.4201097916102349,-0.0009085811733885381,0.0012079078563518027,0.8196050914699097,-0.42986343968509,0.0015598981999148367,-0.4201997803968821,0.0012708938537706997,-0.0016249936474143172,0.8198645862468338,-0.430033900720876,-0.0010863949565512378,-6.103905121378919e-17,0.0,0.0,0.4981287084910965,0.3,-6.292673184726846e-18,0.5009999919682285,0.0,0.0,0.0,0.49812297287408774,-0.3,-6.213354120886486e-18,0.5009999919667038,0.0,0.0,0.0
-0.03235708911221712,-0.00029919581088909663,0.7359935360851335,8.398941167150118e-05,0.017255428048023182,3.139250118643552e-06,0.9998511104853579,-0.4132322881647867,-0.0009105172648811256,0.0012355544630795392,0.8015366520343368,-0.4218177972664428,0.0015961817335842388,-0.413380480229621,0.001329195716322743,-0.0015945490886320112,0.8018466010818568,-0.4219804962068719,-0.00113736416483056,7.83427928128435e-18,0.0,0.0,0.49816457561747257,0.3,-5.710786957085024e-19,0.5009999942901062,0.0,0.0,0.0,0.498163519022576,-0.3,-8.260970097117241e-20,0.5009999942885348,0.0,0.0,0.0
-0.031380587023824874,-0.0003402101298472379,0.7354048981116118,0.00010483036007654764,0.01797296515824356,-3.151330054126434e-05,0.9998384672240452,-0.4153218415161212,-0.0008800527844935057,0.0012421699819312572,0.8058186037097463,-0.42544546699869784,0.0015835558508565484,-0.4155331409045817,0.0013606872164248916,-0.00159200347903432,0.8062039599940565,-0.425620534941878,-0.0012036356876695925,9.800590405868239e-17,0.0,0.0,0.4980503840776286,0.30000000000000004,3.548296492759134e-17,0.5009999981548331,0.0,0.0,0.0,0.4980513991887259,-0.29999999999999993,3.461804313818997e-17,0.5009999981653901,0.0,0.0,0.0
-0.030574442800235697,-0.00038968203543001366,0.7342281958507443,0.0001292140697890544,0.01827242891478846,-6.42355817487237e-05,0.9998330348208485,-0.4189176644226008,-0.0008266764094874451,0.0012742427936910062,0.8148188641479907,-0.4314489082856497,0.001559228676116599,-0.41919559998049066,0.0013930824172817718,-0.0016000238532306503,0.8152905484740078,-0.4316437531810975,-0.0012848215147483653,-1.6001586697795684e-16,0.0,0.0,0.49795696965789926,0.29999999999999993,-5.2026944207701374e-17,0.5010000021818887,0.0,0.0,0.0,0.49795754066433207,-0.30000000000000004,-5.109530213931873e-17,0.5010000022007453,0.0,0.0,0.0
-0.029889016961319768,-0.00044939263037089964,0.7330052117010712,0.00015642447749882757,0.018356025610229542,-9.797993173815766e-05,0.999831496930914,-0.42233530618192716,-0.0007800738996935535,0.0012738349179855525,0.8240956640189974,-0.4374752329184153,0.0015183235017690083,-0.42268504792031975,0.0014357260082466408,-0.0016128076043221533,0.8246626324423423,-0.43769368963946925,-0.0013829234212465022,7.51775533215029e-17,0.0,0.0,0.497903157933625,0.30000000000000004,2.2714638277743446e-17,0.5010000070413917,0.0,0.0,0.0,0.4979031066890197,-0.29999999999999993,2.622085889803737e-17,0.5010000070663845,0.0,0.0,0.0
-0.029304969574131815,-0.0005212779644560635,0.7318105384183646,0.00018677924826983447,0.018324395978897325,-0.000134186080704509,0.9998320677091812,-0.42549826517164613,-0.0007196327544581274,0.0012691806084075218,0.833048050122564,-0.44320131942177216,0.0014573610123263727,-0.4259265845164991,0.0014927527452805924,-0.0016290234584407381,0.8337204208360106,-0.4434467681371427,-0.0015011254704354103,1.811934189120178e-17,0.0,0.0,0.4978635170265211,0.30000000000000004,-2.6767754917217688e-17,0.5010000155170473,0.0,0.0,0.0,0.4978632283066182,-0.30000000000000004,2.148031721104847e-17,0.5010000155822851,0.0,0.0,0.0
-0.02881295378057861,-0.0006069556532419886,0.7306173644059704,0.00022059218834229004,0.018243678213559898,-0.00017416716125633487,0.9998335307490576,-0.4286469553859749,-0.0006414853181929852,0.001261883006507098,0.8418920712563575,-0.4487350995129286,0.0013734531079451803,-0.4291620271762075,0.001567431572213867,-0.0016480437464887912,0.8426806937932461,-0.4490102498432449,-0.001642438859537831,-9.965785464025233e-17,0.0,0.0,0.4978275627308357,0.2999999999999999,1.0976573012680193e-16,0.501000041148492,0.0,0.0,0.0,0.4978271553300182,-0.2999999999999999,-9.856376650705245e-17,0.5010000415650754,0.0,0.0,0.0
-0.02841083778033214,-0.0007078381732337538,0.7293977702317005,0.00025768334347583895,0.018169437664948357,-0.00021949437905808013,0.999834864843416,-0.4320096553076674,-0.0005410269358922288,0.0012528521045316419,0.8508451843088897,-0.4541768967602702,0.0012637928200365097,-0.43262037900620787,0.0016640979017206287,-0.0016694030395905052,0.8517597038525898,-0.45448253142216644,-0.001809806623461514,1.7177740902065184e-16,0.0,0.0,0.4977954461613644,0.30000000000000016,-1.53474730494596e-16,0.5010024764179275,0.0,0.0,0.0,0.4977948143655407,-0.3000000000000001,1.399740293240844e-16,0.5010028567746398,0.0,0.0,0.0
-0.02810661887418389,-0.000824867428052608,0.7281179749419037,0.0002972266871067576,0.018159036201295702,-0.0002721912329501087,0.9998350298786642,-0.4358535120993737,-0.0004123956229226099,0.0012431334610382612,0.860162505973303,-0.45962941676880775,0.0011260125019633535,-0.4365687429562628,0.001788354014217633,-0.0016924885802153482,0.8612088780914071,-0.45996267416585934,-0.0020057712173697346,-1.293641696552508e-16,0.0,0.0,0.4977622045030268,0.2999999999999999,7.821940098427633e-17,0.5010479193862268,0.0,0.0,0.0,0.49776115167180274,-0.2999999999999999,-8.800995726592479e-17,0.50104862962026,0.0,0.0,0.0
-0.027923160558049026,-0.0009583704365273344,0.7267142563184608,0.0003375229926420803,0.018279682724305014,-0.00033500239019854637,0.9998327995475677,-0.4405953522961818,-0.0002474973177327267,0.0012344710730407128,0.8703168974619179,-0.4652831239363223,0.0009582737082240796,-0.4414228036984115,0.0019741158238703303,-0.0016762451701571397,0.8714939384031671,-0.46563503381159294,-0.0022325274727840578,3.6792857657196984e-17,0.0,0.0,0.4977330071453929,0.30000000000000004,-5.302158857202907e-18,0.501094850483086,0.0,0.0,0.0,0.49773133506850326,-0.3,1.985558269713168e-17,0.5010958259844124,0.0,0.0,0.0
-0.027900837984435062,-0.0011072370121736797,0.7250660013074076,0.00037543399142126046,0.018615085613916407,-0.00041174903665196607,0.9998265690106637,-0.4469099523386995,1.851611261926421e-05,0.0013108559692276102,0.8821880517262383,-0.4715102942872663,0.0007597357135765942,-0.4478543862778129,0.002204715464828207,-0.0016611720917458408,0.8834815938336031,-0.47186201152831075,-0.002490908326572153,9.707208512859382e-18,0.0,0.0,0.4977055441156086,0.3,-4.04600431385256e-18,0.5011410090784025,0.0,0.0,0.0,0.4977038615251332,-0.3,9.730824572168159e-19,0.5011424841391585,0.0,0.0,0.0
-0.02810666432085814,-0.0012670438662261876,0.7229389733278792,0.00040621096291411146,0.01928373066529912,-0.0005084651484042854,0.999813839765921,-0.45596744992718685,0.0003450528578173052,0.001394736919248146,0.8974497159807018,-0.47905154926887833,0.0005348895709428093,-0.45702987375470355,0.0024909785641820206,-0.0016453738710458252,0.8988256577344024,-0.4793680221076241,-0.0027778714530486324,9.89183827382361e-19,0.0,0.0,0.4976750611683189,0.3,-2.1733520553239545e-19,0.501191856766735,0.0,0.0,0.0,0.4976735163180575,-0.3,-4.0846912417388587e-20,0.5011944146027222,0.0,0.0,0.0
-0.028647054545439803,-0.0014304449184021756,0.7199495077266018,0.0004219200344026748,0.020461801536849632,-0.0006325689493420179,0.9997903462815969,-0.4695940710161629,0.0007511380250693217,0.0014890143919190026,0.91874738175619,-0.4890785741728119,0.00029045388549954156,-0.4707672085631621,0.0028485968759131347,-0.0016306447889989238,0.9201393946045662,-0.48930080469639364,-0.0030882836935582,-5.730462742461637e-18,0.0,0.0,0.497626612738714,0.3,-3.581118745128451e-19,0.5011290803523575,0.0,0.0,0.0,0.49762443051091176,-0.3,-3.8966849674641667e-19,0.501130470051378,0.0,0.0,0.0
-0.02959624648187785,-0.0015837483385643756,0.7156962119913194,0.00040964133163741244,0.02213980113905928,-0.0007900368010637411,0.9997544884827252,-0.4890677366798618,0.001255977890698513,0.001589269824652941,0.9485955832087439,-0.5028090167802779,4.153375478424379e-05,-0.49032867275655345,0.003218499703863465,-0.001572530096377992,0.9498913496890672,-0.5028475400893389,-0.0033718615703291063,-3.097842414234702e-17,0.0,0.0,0.497551029069815,0.3,1.973341748662324e-18,0.501234424003599,0.0,0.0,0.0,0.4975415252895285,-0.3,2.0455929575221326e-18,0.5012345884147869,0.0,0.0,0.0
-0.031265335272320026,-0.001710980900676059,0.7088502931462843,0.0003534868102512635,0.024836283229059255,-0.0009969324188415433,0.9996909723550539,-0.5200947400730735,0.0019052574102987052,0.001691703319205313,0.9954772836621189,-0.5240570138888094,-0.0001998762166988553,-0.5214097430087952,0.003782861217458052,-0.0015949875392735258,0.9965060880394523,-0.5237750414884792,-0.0037529441977540157,5.348641367978602e-17,0.0,0.0,0.49729010791900835,0.3,-7.093197535555975e-18,0.5013067912313482,0.0,0.0,0.0,0.4972494875729017,-0.3,-7.173048424423805e-18,0.5012940228830007,0.0,0.0,0.0
-0.033991398742178575,-0.001785878626234511,0.6981266203621019,0.00022315495534267596,0.029108567738372736,-0.001267345166397435,0.9995754275302668,-0.5676372753541583,0.0027585795957200576,0.0017590888714122575,1.0658899036398204,-0.5554733244589227,-0.00041103978013749614,-0.568950726183499,0.004563339469386723,-0.001741188445972503,1.066398045686652,-0.5546730067714633,-0.004192125430193549,3.4484799800399135e-18,0.0,0.0,0.4969156624767981,0.30000000000000004,2.384162977895104e-17,0.5016933935589838,0.0,0.0,0.0,0.49688364429895004,-0.29999999999999993,2.387051789277228e-17,0.5016855755439072,0.0,0.0,0.0
-0.03818601000560894,-0.001775965464553744,0.6837794371114091,-2.9410651589225194e-05,0.03610621751300689,-0.001621652276183302,0.9993466417794239,-0.6327308849595636,0.00389274858791274,0.0017290660404041275,1.1543336570631677,-0.5928249515906009,-0.0005566918662649953,-0.6339650585308179,0.005564123371663614,-0.0020307412961486186,1.1539721302437436,-0.5912351262017324,-0.004578124007148015,-1.1753835010912947e-17,0.0,0.0,0.49767988328876944,0.29999999999999993,-2.7135990572760956e-17,0.5032609956828595,0.0,0.0,0.0,0.49809441373748764,-0.30000000000000004,-2.7055709014734742e-17,0.5034418490090987,0.0,0.0,0.0
-0.04398639352576192,-0.0016446524272369614,0.6727282512652599,-0.00047657304795639053,0.046312346047440986,-0.002031063379911183,0.9989248291354355,-0.6968881656751368,0.005265956557314703,0.001510064327774062,1.2170854383109235,-0.611898124826653,-0.0005455284278010619,-0.6978597788511325,0.006772076135227218,-0.0024566133006576115,1.2153664529445602,-0.6092143139154295,-0.004755529838920453,-1.648937060242977e-16,0.0,0.0,0.5005054154303454,0.29999999999999993,-2.916665506538885e-17,0.5060020787483512,0.0,0.0,0.0,0.5023818315798205,-0.30000000000000004,-2.7578156723100545e-17,0.5067815922425066,0.0,0.0,0.0
-0.05027056360373953,-0.0012448657688079903,0.6900518315013716,-0.0008737445523475132,0.0513776561294871,-0.0022678831438054463,0.9986763388241174,-0.6756164244120691,0.005719138015457774,0.0017167044943189845,1.1200127942070732,-0.5461903293066784,-8.701270875961659e-05,-0.6761048688835275,0.007280865340362215,-0.0019897859671406553,1.1170069859357985,-0.5427010477193379,-0.004099218299128201,1.6344553118118982e-16,0.0,0.0,0.48825212272890983,0.30000000000000004,2.1992563528087808e-17,0.5010395571437698,0.0,0.0,0.0,0.4896498474418662,-0.29999999999999993,2.1341337565090323e-17,0.5026166042158169,0.0,0.0,0.0
-0.04927055361172202,-0.0022448745959901635,0.691051841498419,0.0001261453775522331,0.050329820188892725,-0.0032647901717028807,0.9987273073428163,-0.6766164343961749,0.006719135179611353,0.0007166952395823487,1.1190127843575177,-0.5471903378272674,-0.001087001360200072,-0.6771048788679048,0.008280873736631693,-0.002989795419644662,1.1160069760790539,-0.5437010563602506,-0.003099272156685043,-1.333092398207901e-16,0.0,0.0,0.48725211286500003,0.30000000000000027,1.505813956454328e-16,0.5020395666562916,0.0,0.0,0.0,0.4886498376027792,-0.2999999999999997,1.5291969350391857e-16,0.5036166138727873,0.0,0.0,0.0
-0.04471131769310323,-0.0011652491693158748,0.8012302301927824,0.003467844203371726,-0.029008695616428555,-0.0009797512606827745,0.9995726635531215,-0.16177052616055834,-0.0059389662437795325,0.008092202723863589,0.4830771173076048,-0.267535350221732,0.0038109557361459007,-0.164584441189271,-0.0035644315989154436,0.005400811828989224,0.48953973695577485,-0.27116828168828666,0.002488815939183265,5.938517017691719e-16,0.0,0.0,0.4957072524556496,0.29999999999999966,-1.8166863807575556e-16,0.5009999901325357,0.0,0.0,0.0,0.4872215838925581,-0.3000000000000003,-1.8897651326362648e-16,0.5009999901061255,0.0,0.0,0.0
-0.042216503156910036,-0.0010611106059101262,0.8524153016803713,0.0008486927361192299,-0.017538933579034813,0.0037289995347379876,0.9998388670640985,-0.19846267823902547,0.005947133884800068,-0.00020004372683641024,0.5115822249484485,-0.5542264954839018,0.000978143490682695,-0.1887119425305609,0.009052874954476464,0.0025066336861916767,0.5126515022897276,-0.5442854928886658,0.0012985781199442875,-6.138888968652953e-16,0.0,0.0,0.4995390089814121,0.30000000000000004,2.6857880799007585e-17,0.5009999906448254,0.0,0.0,0.0,0.5059704266457833,-0.29999999999999993,3.582508592957283e-17,0.5009999912698647,0.0,0.0,0.0
-0.043533642287431416,0.0006256116287178823,0.8772080737694877,0.004698479766471876,-0.0037558223081331004,0.000819297713926248,0.9999815732491923,-0.29787892541538114,-0.008146732687523976,-0.003756671496491773,0.728144696978285,-0.36587146410648425,-0.00028978136916586007,-0.2945761172658007,-0.006853267607179711,0.002512658465550899,0.7306753256660938,-0.3708603127816669,-0.0003558775419834087,1.4329123749189591e-16,0.0,0.0,0.5022147383178163,0.3,4.172152113023284e-18,0.5023610000854569,0.0,0.0,0.0,0.49717143092245913,-0.3,-8.03130382693313e-19,0.501117039952965,0.0,0.0,0.0
-0.04417006401079421,0.0009427683871617902,0.8770150051133169,0.003182775803828054,0.006104955051730176,0.0028188064156720203,0.999972326513284,-0.3669721698430125,0.001440257983122145,-0.006408788161430497,0.8823425938125004,-0.4509685065429731,0.00020634633301327315,-0.3601833179653485,0.0015310918168114668,0.0031531736672540866,0.882674421675495,-0.449751527363094,1.5463334469851305e-05,6.950082982744968e-18,0.0,0.0,0.4965664601049925,0.3,-2.9985456772520257e-18,0.5010000054966516,0.0,0.0,0.0,0.49851990615564423,-0.3,-9.967461495421772e-19,0.5013087682909497,0.0,0.0,0.0
-0.04421655763963128,0.0019262961696440684,0.8529698887132455,0.003995078917424198,0.013207229561335415,0.0021808144994737845,0.9999024214791544,-0.40608536108503346,0.0011305179704450409,-0.005622314055060573,0.9728821720873235,-0.4358193870398456,8.291572999586241e-05,-0.4023797437311383,0.0024984192972015177,0.0073714124466914615,0.9754421496077167,-0.4359056027950885,-0.0001372335403913364,-7.918153494848568e-18,0.0,0.0,0.49798043050627355,0.3,-8.97166876203034e-19,0.501000045414061,0.0,0.0,0.0,0.4975848757565003,-0.3,-1.0794841054721356e-18,0.5010000105260533,0.0,0.0,0.0
-0.044562076047420233,0.00285796325519228,0.8052789159040852,0.004516372607239211,0.02037025729108541,0.002281014075874703,0.9997797017199106,-0.4303095413049434,-0.00021221361632653825,-0.0032649197681450955,1.0071640415643466,-0.4336386202010652,-0.00028525617304369294,-0.4279656348249094,0.005868771956968871,0.007223810576989751,1.0090089440284336,-0.43372392761012774,0.0003743675789798681,-5.3457950459368653e-17,0.0,0.0,0.49529101890734906,0.3,2.960006553533683e-18,0.5009999948438455,0.0,0.0,0.0,0.49570883857092807,-0.3,3.0352034134878082e-18,0.5009999975009807,0.0,0.0,0.0
-0.040921585808549245,0.0037766407509322785,0.7402086954965226,0.004940098242201865,0.021638385675358557,0.002528183716178104,0.9997504608560174,-0.33700371658227074,0.001027353592574954,0.011171594018526812,0.682982202382817,-0.36962746682345354,0.0002568626791490572,-0.3367064282943108,0.0014514676424878794,-0.016317474571749632,0.6829730329813323,-0.369926529479609,0.00010419187390979264,6.02717757739289e-17,0.0,0.0,0.5006575724028319,0.3,-7.74804300681344e-18,0.505585385042597,0.0,0.0,0.0,0.5014470076567865,-0.3,-8.151954125227238e-18,0.5060334648585415,0.0,0.0,0.0
-0.030921575817555603,3.943033513708363e-05,0.7502087054922651,-7.938276165145435e-06,0.0163370478362933,0.000385166720157089,0.9998664673102984,-0.34700372655443357,-0.00897265175469194,0.005010408320572521,0.6729821925774069,-0.3596274581316229,0.009363071168920952,-0.34670643826683223,0.008096768204181487,-0.006317467510905523,0.6729730231616406,-0.35992652082123006,-0.0091108793469698,-3.2769320928643834e-18,0.0,0.0,0.501434080385729,0.3,1.938431755930533e-18,0.5010000042186907,0.0,0.0,0.0,0.5014289101729044,-0.3,2.2840617462366256e-18,0.5010000032975208,0.0,0.0,0.0
-0.03243552967492273,-0.00012575672072205743,0.7363343394261942,-3.166362690287109e-05,0.038201070375849126,0.00031614089489189276,0.9992700222034526,-0.46135930065340247,-0.00839616261811871,0.005623623532684563,0.8040277438298088,-0.4201144217040895,0.009139918431964421,-0.46107170369416917,0.008128960517171343,-0.0069309323318340905,0.8039412232481983,-0.42032668313244453,-0.009529017366107926,2.3475322046534256e-18,0.0,0.0,0.49683063982875325,0.3,2.730658014505262e-18,0.5009999924305542,0.0,0.0,0.0,0.4968381373876638,-0.3,1.8687796288211607e-18,0.50099999244035,0.0,0.0,0.0
-0.027814088834229065,-0.00020818179869006866,0.7287247048560828,7.36801431653936e-06,0.03383921396790125,0.0002560217868328604,0.999427256981013,-0.4722901853093929,-0.008292361407666675,0.0058800518101133304,0.8659311535488242,-0.4623087295189277,0.009126373180812997,-0.47210224253599586,0.008240910521770086,-0.007043240626913398,0.8659621029103625,-0.4625378536779791,-0.009784109035169259,4.07966531572519e-18,0.0,0.0,0.49811756726645295,0.3,3.92187105518761e-18,0.5016851704316134,0.0,0.0,0.0,0.49812191855380716,-0.3,3.652156882938495e-18,0.5016866982022333,0.0,0.0,0.0
-0.024428497631209085,-0.00024653685932924264,0.7249036561126926,4.135324521389044e-05,0.02892501315094382,0.0002066160717562149,0.9995815620618088,-0.4683823785668824,-0.00828235771959274,0.0060071607043102795,0.8948108234790532,-0.48521372966384974,0.00912776533415147,-0.4682777286583599,0.008330555251443095,-0.006999248929575741,0.8949395978861404,-0.4854560877025236,-0.009905212455261143,-9.80740900259441e-17,0.0,0.0,0.49770731786434047,0.29999999999999993,-3.665688236807488e-17,0.5014288516386927,0.0,0.0,0.0,0.4977070165622155,-0.30000000000000004,-3.400139224569149e-17,0.5014299393001954,0.0,0.0,0.0
-0.022348560595349933,-0.0002575496052678198,0.723238065022841,6.32038352992154e-05,0.025128556481294872,0.0001688747931115597,0.9996842117067498,-0.4614211055722971,-0.008282597026794817,0.006099063120361204,0.9067602276121552,-0.4964794394120221,0.009138832457583894,-0.46137482791157464,0.00839696979861678,-0.006901256583582712,0.9069523422122948,-0.49672526469533435,-0.009947435432994886,2.5732268542336885e-16,0.0,0.0,0.49755941842268775,0.3000000000000001,7.636794532858603e-17,0.5013655255604657,0.0,0.0,0.0,0.4975584277450693,-0.2999999999999999,7.148038827492002e-17,0.5013663084467918,0.0,0.0,0.0
-0.02131692917252469,-0.0002515561339552373,0.7227842800020933,7.493034637066638e-05,0.022340553429843982,0.00014028489963087027,0.999750406040447,-0.4544936499551426,-0.008267862561203158,0.006193452059036402,0.9097296835071494,-0.5007495750347211,0.009156720336392579,-0.4544858538738401,0.008443607405211875,-0.00678698104156175,0.909957425575848,-0.5009908878665305,-0.00994303051167042,-2.406245729625834e-16,0.0,0.0,0.4975570064824302,0.2999999999999999,-6.81632858351971e-17,0.5013536938547164,0.0,0.0,0.0,0.49755658881520465,-0.3000000000000001,-6.326362751200691e-17,0.5013544429540466,0.0,0.0,0.0
-0.021074379618107673,-0.00023498153639061822,0.7230414559390034,7.940819568000953e-05,0.020351270087333624,0.00011812306026726288,0.9997928813244839,-0.44847456421177073,-0.008289557819175902,0.006219529093361455,0.9075919504610828,-0.5006018010582264,0.009180436098395818,-0.4484910487361212,0.008475418038748746,-0.006669712316344921,0.9078352730772371,-0.5008331957225938,-0.009910529924449745,7.400617841169046e-17,0.0,0.0,0.4975696400718584,0.30000000000000004,2.3022280954184182e-17,0.5013293040853337,0.0,0.0,0.0,0.4975693503538188,-0.29999999999999993,2.05195720666188e-17,0.5013299850524814,0.0,0.0,0.0
-0.021398174758455197,-0.00021286961002867536,0.7237498594683334,7.886105127356805e-05,0.01898178436576394,0.00010068976098789756,0.9998198215202568,-0.4434314265281627,-0.008331063420885961,0.0062014264670669115,0.9022420936221834,-0.4975056218862328,0.009205811190776722,-0.44346197193125503,0.00849823358056717,-0.006554696286455462,0.9024866695262905,-0.4977233174445046,-0.00986236577972471,4.405173174865772e-18,0.0,0.0,0.49758517660248414,0.3,-3.8936330422833727e-19,0.5012905031943513,0.0,0.0,0.0,0.4975848565400216,-0.3,1.5896263706426902e-19,0.5012910556619908,0.0,0.0,0.0
-0.02211278058041184,-0.0001887166792573411,0.7247490092004016,7.505847416967608e-05,0.018086893460930977,8.69495244678635e-05,0.9998364121649795,-0.4392246965805157,-0.00837076703953621,0.006171081065358162,0.8947945972413728,-0.4924247116283447,0.009229243603188398,-0.439262026696375,0.008516235175224533,-0.006444129342843773,0.8950307497890322,-0.4926264436954188,-0.009806749722728618,3.523344919940927e-19,0.0,0.0,0.4976067192523042,0.3,-7.926246770985759e-19,0.5012438331308582,0.0,0.0,0.0,0.49760646336242587,-0.3,-7.909543114110895e-19,0.5012442835401946,0.0,0.0,0.0
-0.02308572517437321,-0.00016462761099348314,0.725935965052652,6.93659380750923e-05,0.017545803364491533,7.609643307756383e-05,0.9998460552415028,-0.43565023409443754,-0.008408000011530357,0.006131059490261535,0.8859391612120824,-0.4860112516477377,0.00924903957190611,-0.435689380481014,0.008532023509180489,-0.0063382474181722685,0.8861609115815666,-0.48619613465033396,-0.009748626425659846,-5.513754221784544e-19,0.0,0.0,0.49763446976886605,0.3,-6.773186098759535e-20,0.5011919509392595,0.0,0.0,0.0,0.49763427611315864,-0.3,-6.08043303910167e-20,0.501192328991497,0.0,0.0,0.0
-0.02422199327458513,-0.0001418702658019626,0.7272423267427753,6.272617366995119e-05,0.01725673721316374,6.751404946218899e-05,0.9998510871765036,-0.43250420158058955,-0.008442768840477701,0.006083001856335173,0.8761246906335973,-0.47871439132177185,0.009264332140076086,-0.43254186220466917,0.008547309531920356,-0.006236682113073096,0.8763286814411361,-0.47888248184040316,-0.00969103244526467,-9.448896834782798e-20,0.0,0.0,0.4976667998703786,0.3,-5.638783154925273e-20,0.5011351925093988,0.0,0.0,0.0,0.4976666544533992,-0.3,1.0888160607987085e-20,0.5011355088017785,0.0,0.0,0.0
-0.025459319245559223,-0.00012111299735529433,0.7286123180330015,5.577030719561031e-05,0.017134122758082213,6.072344222817847e-05,0.9998531967442258,-0.4296446403811077,-0.008475241711508291,0.006028606051981996,0.8657238289000804,-0.4708775672402664,0.009275024423264498,-0.4296787035977078,0.00856298812013606,-0.006139238967322287,0.8659085112373858,-0.47102952549300103,-0.009635837791621102,-1.3578879161772618e-20,0.0,0.0,0.4977033715647378,0.3,2.245471890657331e-19,0.5010757675102938,0.0,0.0,0.0,0.4977032620349396,-0.3,-1.8157939684475997e-19,0.5010760312301157,0.0,0.0,0.0
-0.026761489094499078,-0.00010260496182664072,0.7300287568976148,4.8889094474956327e-05,0.017103936136441348,5.535276321837155e-05,0.9998537142575251,-0.4268787013637996,-0.008505834312226112,0.005968527983661757,0.854838415550886,-0.4626474041517984,0.009281083523339636,-0.4269078951986463,0.008579605803273162,-0.006044821838080283,0.8550034476373706,-0.4627842430765258,-0.009583629692494385,4.550427236566925e-19,0.0,0.0,0.4977470199101243,0.3,-2.824158237203063e-19,0.5010172333784779,0.0,0.0,0.0,0.49774692565847073,-0.3,3.259586764404194e-19,0.5010174449757233,0.0,0.0,0.0
-0.02811065615146584,-8.630804093693386e-05,0.7315451515718593,4.227920759567714e-05,0.017092986912422323,5.111429169784064e-05,0.9998539020267959,-0.42380286960800717,-0.00853544551137363,0.005900903967747184,0.8430405800285754,-0.4538531414178819,0.009281832496797414,-0.42382648457227434,0.00859788129144506,-0.005950015037712543,0.8431863468761904,-0.4539760244283333,-0.009533451675631806,-1.195234854738214e-19,0.0,0.0,0.49779490838492185,0.3,2.8921047881561364e-19,0.5010000371345146,0.0,0.0,0.0,0.49779484298017707,-0.3,7.262099537828087e-21,0.5010000372929616,0.0,0.0,0.0
-0.029512421817873696,-7.199769785072954e-05,0.7332593586488008,3.596569390459597e-05,0.01702808325890625,4.778189983540542e-05,0.9998550098908775,-0.42018423062693816,-0.008564429914330457,0.005825489814690548,0.8301847630675473,-0.44443573179101825,0.009277471266253952,-0.4202035026126928,0.008617963560548081,-0.0058533740135953164,0.8303154654896874,-0.4445476813984349,-0.009484737495488662,2.703072870578422e-19,0.0,0.0,0.49786049211053396,0.3,1.1825515525543048e-19,0.5010000117612611,0.0,0.0,0.0,0.4978604575278074,-0.3,6.8172262821947e-20,0.5010000117928411,0.0,0.0,0.0
-0.030963238342562375,-5.929700397163914e-05,0.7352685503151316,2.9857294674198134e-05,0.016792421686448653,4.520227557483421e-05,0.9998589958785192,-0.4147581315875839,-0.008595431517654507,0.0057317761146657735,0.8141613427479433,-0.43331653021554034,0.00926467137314597,-0.41477099308470117,0.008642123219483513,-0.005743310570866451,0.8142737615166034,-0.43341644219026937,-0.009432869059263643,8.412709405783449e-19,0.0,0.0,0.4979512097183427,0.3,3.112178136017596e-19,0.5010000023137352,0.0,0.0,0.0,0.4979511879469138,-0.3,2.886794862948507e-19,0.501000002322395,0.0,0.0,0.0
-0.03249984409444877,-4.781292172379604e-05,0.7374179305186951,2.3611697155878536e-05,0.01622150093039545,4.3261331893245286e-05,0.9998684215828152,-0.4080028699887257,-0.00862631290934447,0.005628739888314627,0.7967098075690778,-0.4214277195445499,0.00924767903743305,-0.408008248014267,0.0086688000559519,-0.005628730544437915,0.796802739295906,-0.42151550940172605,-0.009381128053676701,4.287447585115813e-18,0.0,0.0,0.4980703770322233,0.3,2.1231985353122333e-18,0.5009999982353793,0.0,0.0,0.0,0.49807035630696095,-0.3,2.0980536047350348e-18,0.5009999982390906,0.0,0.0,0.0
-0.034210966905284204,-3.7167844950702625e-05,0.7387107504361788,1.6697496511963193e-05,0.015083986458524953,4.1897284443305324e-05,0.9998862291872662,-0.40326578664698387,-0.008647726508100743,0.005556959712253644,0.7858511453944622,-0.4129803945557661,0.009241794738410589,-0.40326116169098586,0.008690071269170903,-0.005550915197720127,0.7859203343333161,-0.41305437765542896,-0.00934409929087046,1.4586161450210415e-17,0.0,0.0,0.49817469409152404,0.3,1.381415686006188e-18,0.5009999958459629,0.0,0.0,0.0,0.4981745519355194,-0.3,2.0130982227698837e-18,0.5009999958471623,0.0,0.0,0.0
-0.03634272668496128,-2.7127925588616856e-05,0.7361342711367008,8.522877825924017e-06,0.01319708379207413,4.105955370943022e-05,0.9999129138184277,-0.4122893384047732,-0.0086313613290834,0.005644764833833993,0.8066895962767581,-0.4209712593325736,0.009293366511920954,-0.4122701876705884,0.008679858798204331,-0.005639638665050969,0.806726803263132,-0.42102778370189636,-0.00936796238371546,-5.912458372514085e-17,0.0,0.0,0.4981910732537479,0.3,-1.1257477552462604e-17,0.5009999944464679,0.0,0.0,0.0,0.4981909450666241,-0.3,-1.1981862494461047e-17,0.5009999944486891,0.0,0.0,0.0
-0.03947423192140991,-1.736705569249058e-05,0.7229610077014703,-5.148083974713034e-07,0.011008018690263183,4.002365224220453e-05,0.9999394091255515,-0.46168952556719195,-0.008498850532453103,0.0062099916671059085,0.912000008670374,-0.47255509882601626,0.009524567259132744,-0.46165291373141537,0.008536220155496913,-0.006243366263001141,0.9120000086947464,-0.47259216831321704,-0.00957403897805175,3.672653459713213e-17,0.0,0.0,0.4977112982440706,0.3,7.934377239595401e-18,0.5016290121056446,0.0,0.0,0.0,0.4977115220346889,-0.3,8.106876811914521e-18,0.5016286144704547,0.0,0.0,0.0
-0.03947423192140991,-1.736705569249058e-05,0.7229610077014703,-5.148083974713034e-07,0.011008018690263183,4.002365224220453e-05,0.9999394091255515,-0.46168952556719195,-0.008498850532453103,0.0062099916671059085,0.912000008670374,-0.47255509882601626,0.009524567259132744,-0.46165291373141537,0.008536220155496913,-0.006243366263001141,0.9120000086947464,-0.47259216831321704,-0.00957403897805175,3.672653459713213e-17,0.0,0.0,0.4977112982440706,0.3,7.934377239595401e-18,0.5016290121056446,0.0,0.0,0.0,0.4977115220346889,-0.3,8.106876811914521e-18,0.5016286144704547,0.0,0.0,0.0
-0.03947423192140991,-1.736705569249058e-05,0.7229610077014703,-5.148083974713034e-07,0.011008018690263183,4.002365224220453e-05,0.9999394091255515,-0.46168952556719195,-0.008498850532453103,0.0062099916671059085,0.912000008670374,-0.47255509882601626,0.009524567259132744,-0.46165291373141537,0.008536220155496913,-0.006243366263001141,0.9120000086947464,-0.47259216831321704,-0.00957403897805175,3.672653459713213e-17,0.0,0.0,0.4977112982440706,0.3,7.934377239595401e-18,0.5016290121056446,0.0,0.0,0.0,0.4977115220346889,-0.3,8.106876811914521e-18,0.5016286144704547,0.0,0.0,0.0
-0.03947423192140991,-1.736705569249058e-05,0.7229610077014703,-5.148083974713034e-07,0.011008018690263183,4.002365224220453e-05,0.9999394091255515,-0.46168952556719195,-0.008498850532453103,0.0062099916671059085,0.912000008670374,-0.47255509882601626,0.009524567259132744,-0.46165291373141537,0.008536220155496913,-0.006243366263001141,0.9120000086947464,-0.47259216831321704,-0.00957403897805175,3.672653459713213e-17,0.0,0.0,0.4977112982440706,0.3,7.934377239595401e-18,0.5016290121056446,0.0,0.0,0.0,0.4977115220346889,-0.3,8.106876811914521e-18,0.5016286144704547,0.0,0.0,0.0
-0.03947423192140991,-1.736705569249058e-05,0.7229610077014703,-5.148083974713034e-07,0.011008018690263183,4.002365224220453e-05,0.9999394091255515,-0.46168952556719195,-0.008498850532453103,0.0062099916671059085,0.912000008670374,-0.47255509882601626,0.009524567259132744,-0.46165291373141537,0.008536220155496913,-0.006243366263001141,0.9120000086947464,-0.47259216831321704,-0.00957403897805175,3.672653459713213e-17,0.0,0.0,0.4977112982440706,0.3,7.934377239595401e-18,0.5016290121056446,0.0,0.0,0.0,0.4977115220346889,-0.3,8.106876811914521e-18,0.5016286144704547,0.0,0.0,0.0
-0.03947423192140991,-1.736705569249058e-05,0.7229610077014703,-5.148083974713034e-07,0.011008018690263183,4.002365224220453e-05,0.9999394091255515,-0.46168952556719195,-0.008498850532453103,0.0062099916671059085,0.912000008670374,-0.47255509882601626,0.009524567259132744,-0.46165291373141537,0.008536220155496913,-0.006243366263001141,0.9120000086947464,-0.47259216831321704,-0.00957403897805175,3.672653459713213e-17,0.0,0.0,0.4977112982440706,0.3,7.934377239595401e-18,0.5016290121056446,0.0,0.0,0.0,0.4977115220346889,-0.3,8.106876811914521e-18,0.5016286144704547,0.0,0.0,0.0
-0.03947423192140991,-1.736705569249058e-05,0.7229610077014703,-5.148083974713034e-07,0.011008018690263183,4.002365224220453e-05,0.9999394091255515,-0.46168952556719195,-0.008498850532453103,0.0062099916671059085,0.912000008670374,-0.47255509882601626,0.009524567259132744,-0.46165291373141537,0.008536220155496913,-0.006243366263001141,0.9120000086947464,-0.47259216831321704,-0.00957403897805175,3.672653459713213e-17,0.0,0.0,0.4977112982440706,0.3,7.934377239595401e-18,0.5016290121056446,0.0,0.0,0.0,0.4977115220346889,-0.3,8.106876811914521e-18,0.5016286144704547,0.0,0.0,0.0
-0.03947423192140991,-1.736705569249058e-05,0.7229610077014703,-5.148083974713034e-07,0.011008018690263183,4.002365224220453e-05,0.9999394091255515,-0.46168952556719195,-0.008498850532453103,0.0062099916671059085,0.912000008670374,-0.47255509882601626,0.009524567259132744,-0.46165291373141537,0.008536220155496913,-0.006243366263001141,0.9120000086947464,-0.47259216831321704,-0.00957403897805175,3.672653459713213e-17,0.0,0.0,0.4977112982440706,0.3,7.934377239595401e-18,0.5016290121056446,0.0,0.0,0.0,0.4977115220346889,-0.3,8.106876811914521e-18,0.5016286144704547,0.0,0.0,0.0
-0.03947423192140991,-1.736705569249058e-05,0.7229610077014703,-5.148083974713034e-07,0.011008018690263183,4.002365224220453e-05,0.9999394091255515,-0.46168952556719195,-0.008498850532453103,0.0062099916671059085,0.912000008670374,-0.47255509882601626,0.009524567259132744,-0.46165291373141537,0.008536220155496913,-0.006243366263001141,0.9120000086947464,-0.47259216831321704,-0.00957403897805175,3.672653459713213e-17,0.0,0.0,0.4977112982440706,0.3,7.934377239595401e-18,0.5016290121056446,0.0,0.0,0.0,0.4977115220346889,-0.3,8.106876811914521e-18,0.5016286144704547,0.0,0.0,0.0
-0.03947423192140991,-1.736705569249058e-05,0.7229610077014703,-5.148083974713034e-07,0.011008018690263183,4.002365224220453e-05,0.9999394091255515,-0.46168952556719195,-0.008498850532453103,0.0062099916671059085,0.912000008670374,-0.47255509882601626,0.009524567259132744,-0.46165291373141537,0.008536220155496913,-0.006243366263001141,0.9120000086947464,-0.47259216831321704,-0.00957403897805175,3.672653459713213e-17,0.0,0.0,0.4977112982440706,0.3,7.934377239595401e-18,0.5016290121056446,0.0,0.0,0.0,0.4977115220346889,-0.3,8.106876811914521e-18,0.5016286144704547,0.0,0.0,0.0
-0.03947423192140991,-1.736705569249058e-05,0.7229610077014703,-5.148083974713034e-07,0.011008018690263183,4.002365224220453e-05,0.9999394091255515,-0.46168952556719195,-0.008498850532453103,0.0062099916671059085,0.912000008670374,-0.47255509882601626,0.009524567259132744,-0.46165291373141537,0.008536220155496913,-0.006243366263001141,0.9120000086947464,-0.47259216831321704,-0.00957403897805175,3.672653459713213e-17,0.0,0.0,0.4977112982440706,0.3,7.934377239595401e-18,0.5016290121056446,0.0,0.0,0.0,0.4977115220346889,-0.3,8.106876811914521e-18,0.5016286144704547,0.0,0.0,0.0
-0.03947423192140991,-1.736705569249058e-05,0.7229610077014703,-5.148083974713034e-07,0.011008018690263183,4.002365224220453e-05,0.9999394091255515,-0.46168952556719195,-0.008498850532453103,0.0062099916671059085,0.912000008670374,-0.47255509882601626,0.009524567259132744,-0.46165291373141537,0.008536220155496913,-0.006243366263001141,0.9120000086947464,-0.47259216831321704,-0.00957403897805175,3.672653459713213e-17,0.0,0.0,0.4977112982440706,0.3,7.934377239595401e-18,0.5016290121056446,0.0,0.0,0.0,0.4977115220346889,-0.3,8.106876811914521e-18,0.5016286144704547,0.0,0.0,0.0
-0.03947423192140991,-1.736705569249058e-05,0.7229610077014703,-5.148083974713034e-07,0.011008018690263183,4.002365224220453e-05,0.9999394091255515,-0.46168952556719195,-0.008498850532453103,0.0062099916671059085,0.912000008670374,-0.47255509882601626,0.009524567259132744,-0.46165291373141537,0.008536220155496913,-0.006243366263001141,0.9120000086947464,-0.47259216831321704,-0.00957403897805175,3.672653459713213e-17,0.0,0.0,0.4977112982440706,0.3,7.934377239595401e-18,0.5016290121056446,0.0,0.0,0.0,0.4977115220346889,-0.3,8.106876811914521e-18,0.5016286144704547,0.0,0.0,0.0
-0.03947423192140991,-1.736705569249058e-05,0.7229610077014703,-5.148083974713034e-07,0.011008018690263183,4.002365224220453e-05,0.9999394091255515,-0.46168952556719195,-0.008498850532453103,0.0062099916671059085,0.912000008670374,-0.47255509882601626,0.009524567259132744,-0.46165291373141537,0.008536220155496913,-0.006243366263001141,0.9120000086947464,-0.47259216831321704,-0.00957403897805175,3.672653459713213e-17,0.0,0.0,0.4977112982440706,0.3,7.934377239595401e-18,0.5016290121056446,0.0,0.0,0.0,0.4977115220346889,-0.3,8.106876811914521e-18,0.5016286144704547,0.0,0.0,0.0
-0.03947423192140991,-1.736705569249058e-05,0.7229610077014703,-5.148083974713034e-07,0.011008018690263183,4.002365224220453e-05,0.9999394091255515,-0.46168952556719195,-0.008498850532453103,0.0062099916671059085,0.912000008670374,-0.47255509882601626,0.009524567259132744,-0.46165291373141537,0.008536220155496913,-0.006243366263001141,0.9120000086947464,-0.47259216831321704,-0.00957403897805175,3.672653459713213e-17,0.0,0.0,0.4977112982440706,0.3,7.934377239595401e-18,0.5016290121056446,0.0,0.0,0.0,0.4977115220346889,-0.3,8.106876811914521e-18,0.5016286144704547,0.0,0.0,0.0
-0.03947423192140991,-1.736705569249058e-05,0.7229610077014703,-5.148083974713034e-07,0.011008018690263183,4.002365224220453e-05,0.9999394091255515,-0.46168952556719195,-0.008498850532453103,0.0062099916671059085,0.912000008670374,-0.47255509882601626,0.009524567259132744,-0.46165291373141537,0.008536220155496913,-0.006243366263001141,0.9120000086947464,-0.47259216831321704,-0.00957403897805175,3.672653459713213e-17,0.0,0.0,0.4977112982440706,0.3,7.934377239595401e-18,0.5016290121056446,0.0,0.0,0.0,0.4977115220346889,-0.3,8.106876811914521e-18,0.5016286144704547,0.0,0.0,0.0
-0.03947423192140991,-1.736705569249058e-05,0.7229610077014703,-5.148083974713034e-07,0.011008018690263183,4.002365224220453e-05,0.9999394091255515,-0.46168952556719195,-0.008498850532453103,0.0062099916671059085,0.912000008670374,-0.47255509882601626,0.009524567259132744,-0.46165291373141537,0.008536220155496913,-0.006243366263001141,0.9120000086947464,-0.47259216831321704,-0.00957403897805175,3.672653459713213e-17,0.0,0.0,0.4977112982440706,0.3,7.934377239595401e-18,0.5016290121056446,0.0,0.0,0.0,0.4977115220346889,-0.3,8.106876811914521e-18,0.5016286144704547,0.0,0.0,0.0
-0.03947423192140991,-1.736705569249058e-05,0.7229610077014703,-5.148083974713034e-07,0.011008018690263183,4.002365224220453e-05,0.9999394091255515,-0.46168952556719195,-0.008498850532453103,0.0062099916671059085,0.912000008670374,-0.47255509882601626,0.009524567259132744,-0.46165291373141537,0.008536220155496913,-0.006243366263001141,0.9120000086947464,-0.47259216831321704,-0.00957403897805175,3.672653459713213e-17,0.0,0.0,0.4977112982440706,0.3,7.934377239595401e-18,0.5016290121056446,0.0,0.0,0.0,0.4977115220346889,-0.3,8.106876811914521e-18,0.5016286144704547,0.0,0.0,0.0
-0.03947423192140991,-1.736705569249058e-05,0.7229610077014703,-5.148083974713034e-07,0.011008018690263183,4.002365224220453e-05,0.9999394091255515,-0.46168952556719195,-0.008498850532453103,0.0062099916671059085,0.912000008670374,-0.47255509882601626,0.009524567259132744,-0.46165291373141537,0.008536220155496913,-0.006243366263001141,0.9120000086947464,-0.47259216831321704,-0.00957403897805175,3.672653459713213e-17,0.0,0.0,0.4977112982440706,0.3,7.934377239595401e-18,0.5016290121056446,0.0,0.0,0.0,0.4977115220346889,-0.3,8.106876811914521e-18,0.5016286144704547,0.0,0.0,0.0
-0.03947423192140991,-1.736705569249058e-05,0.7229610077014703,-5.148083974713034e-07,0.011008018690263183,4.002365224220453e-05,0.9999394091255515,-0.46168952556719195,-0.008498850532453103,0.0062099916671059085,0.912000008670374,-0.47255509882601626,0.009524567259132744,-0.46165291373141537,0.008536220155496913,-0.006243366263001141,0.9120000086947464,-0.47259216831321704,-0.00957403897805175,3.672653459713213e-17,0.0,0.0,0.4977112982440706,0.3,7.934377239595401e-18,0.5016290121056446,0.0,0.0,0.0,0.4977115220346889,-0.3,8.106876811914521e-18,0.5016286144704547,0.0,0.0,0.0
-0.03947423192140991,-1.736705569249058e-05,0.7229610077014703,-5.148083974713034e-07,0.011008018690263183,4.002365224220453e-05,0.9999394091255515,-0.46168952556719195,-0.008498850532453103,0.0062099916671059085,0.912000008670374,-0.47255509882601626,0.009524567259132744,-0.46165291373141537,0.008536220155496913,-0.006243366263001141,0.9120000086947464,-0.47259216831321704,-0.00957403897805175,3.672653459713213e-17,0.0,0.0,0.4977112982440706,0.3,7.934377239595401e-18,0.5016290121056446,0.0,0.0,0.0,0.4977115220346889,-0.3,8.106876811914521e-18,0.5016286144704547,0.0,0.0,0.0
