-0.030000009966438746,0.12741714703282034,0.7143676581963746,-0.00019586983630992674,-0.009415319913639135,0.002901078475114499,0.9999514473861281,-0.41761508329195857,0.017260148388265634,-0.019806585357572737,0.9570000099178267,-0.5201386255804561,-0.026034529099843655,-0.4150145753945377,-0.015888097428236606,0.004806638211774225,0.9570000099200762,-0.5225675852306184,0.01725028160747739,-0.0010212089267607448,0.0,0.0,0.49660604019376536,0.2957807555984845,-0.002172950604897601,0.5036232981572962,0.0,0.0,0.0,0.4965878977628555,-0.29453959470897634,0.002748254050362682,0.5035098716114781,0.0,0.0,0.0
-0.030000009966438746,0.12741714703282034,0.7143676581963746,-0.00019586983630992674,-0.009415319913639135,0.002901078475114499,0.9999514473861281,-0.41761508329195857,0.017260148388265634,-0.019806585357572737,0.9570000099178267,-0.5201386255804561,-0.026034529099843655,-0.4150145753945377,-0.015888097428236606,0.004806638211774225,0.9570000099200762,-0.5225675852306184,0.01725028160747739,-0.0010212089267607448,0.0,0.0,0.49660604019376536,0.2957807555984845,-0.002172950604897601,0.5036232981572962,0.0,0.0,0.0,0.4965878977628555,-0.29453959470897634,0.002748254050362682,0.5035098716114781,0.0,0.0,0.0
-0.030000009966438746,0.12741714703282034,0.7143676581963746,-0.00019586983630992674,-0.009415319913639135,0.002901078475114499,0.9999514473861281,-0.41761508329195857,0.017260148388265634,-0.019806585357572737,0.9570000099178267,-0.5201386255804561,-0.026034529099843655,-0.4150145753945377,-0.015888097428236606,0.004806638211774225,0.9570000099200762,-0.5225675852306184,0.01725028160747739,-0.0010212089267607448,0.0,0.0,0.49660604019376536,0.2957807555984845,-0.002172950604897601,0.5036232981572962,0.0,0.0,0.0,0.4965878977628555,-0.29453959470897634,0.002748254050362682,0.5035098716114781,0.0,0.0,0.0
-0.030000009966438746,0.12741714703282034,0.7143676581963746,-0.00019586983630992674,-0.009415319913639135,0.002901078475114499,0.9999514473861281,-0.41761508329195857,0.017260148388265634,-0.019806585357572737,0.9570000099178267,-0.5201386255804561,-0.026034529099843655,-0.4150145753945377,-0.015888097428236606,0.004806638211774225,0.9570000099200762,-0.5225675852306184,0.01725028160747739,-0.0010212089267607448,0.0,0.0,0.49660604019376536,0.2957807555984845,-0.002172950604897601,0.5036232981572962,0.0,0.0,0.0,0.4965878977628555,-0.29453959470897634,0.002748254050362682,0.5035098716114781,0.0,0.0,0.0
-0.030000009966438746,0.12741714703282034,0.7143676581963746,-0.00019586983630992674,-0.009415319913639135,0.002901078475114499,0.9999514473861281,-0.41761508329195857,0.017260148388265634,-0.019806585357572737,0.9570000099178267,-0.5201386255804561,-0.026034529099843655,-0.4150145753945377,-0.015888097428236606,0.004806638211774225,0.9570000099200762,-0.5225675852306184,0.01725028160747739,-0.0010212089267607448,0.0,0.0,0.49660604019376536,0.2957807555984845,-0.002172950604897601,0.5036232981572962,0.0,0.0,0.0,0.4965878977628555,-0.29453959470897634,0.002748254050362682,0.5035098716114781,0.0,0.0,0.0
-0.030000009966438746,0.12741714703282034,0.7143676581963746,-0.00019586983630992674,-0.009415319913639135,0.002901078475114499,0.9999514473861281,-0.41761508329195857,0.017260148388265634,-0.019806585357572737,0.9570000099178267,-0.5201386255804561,-0.026034529099843655,-0.4150145753945377,-0.015888097428236606,0.004806638211774225,0.9570000099200762,-0.5225675852306184,0.01725028160747739,-0.0010212089267607448,0.0,0.0,0.49660604019376536,0.2957807555984845,-0.002172950604897601,0.5036232981572962,0.0,0.0,0.0,0.4965878977628555,-0.29453959470897634,0.002748254050362682,0.5035098716114781,0.0,0.0,0.0
-0.030000009966438746,0.12741714703282034,0.7143676581963746,-0.00019586983630992674,-0.009415319913639135,0.002901078475114499,0.9999514473861281,-0.41761508329195857,0.017260148388265634,-0.019806585357572737,0.9570000099178267,-0.5201386255804561,-0.026034529099843655,-0.4150145753945377,-0.015888097428236606,0.004806638211774225,0.9570000099200762,-0.5225675852306184,0.01725028160747739,-0.0010212089267607448,0.0,0.0,0.49660604019376536,0.2957807555984845,-0.002172950604897601,0.5036232981572962,0.0,0.0,0.0,0.4965878977628555,-0.29453959470897634,0.002748254050362682,0.5035098716114781,0.0,0.0,0.0
-0.030000009966438746,0.12741714703282034,0.7143676581963746,-0.00019586983630992674,-0.009415319913639135,0.002901078475114499,0.9999514473861281,-0.41761508329195857,0.017260148388265634,-0.019806585357572737,0.9570000099178267,-0.5201386255804561,-0.026034529099843655,-0.4150145753945377,-0.015888097428236606,0.004806638211774225,0.9570000099200762,-0.5225675852306184,0.01725028160747739,-0.0010212089267607448,0.0,0.0,0.49660604019376536,0.2957807555984845,-0.002172950604897601,0.5036232981572962,0.0,0.0,0.0,0.4965878977628555,-0.29453959470897634,0.002748254050362682,0.5035098716114781,0.0,0.0,0.0
-0.030000009966438746,0.12741714703282034,0.7143676581963746,-0.00019586983630992674,-0.009415319913639135,0.002901078475114499,0.9999514473861281,-0.41761508329195857,0.017260148388265634,-0.019806585357572737,0.9570000099178267,-0.5201386255804561,-0.026034529099843655,-0.4150145753945377,-0.015888097428236606,0.004806638211774225,0.9570000099200762,-0.5225675852306184,0.01725028160747739,-0.0010212089267607448,0.0,0.0,0.49660604019376536,0.2957807555984845,-0.002172950604897601,0.5036232981572962,0.0,0.0,0.0,0.4965878977628555,-0.29453959470897634,0.002748254050362682,0.5035098716114781,0.0,0.0,0.0
-0.030000009966438746,0.12741714703282034,0.7143676581963746,-0.00019586983630992674,-0.009415319913639135,0.002901078475114499,0.9999514473861281,-0.41761508329195857,0.017260148388265634,-0.019806585357572737,0.9570000099178267,-0.5201386255804561,-0.026034529099843655,-0.4150145753945377,-0.015888097428236606,0.004806638211774225,0.9570000099200762,-0.5225675852306184,0.01725028160747739,-0.0010212089267607448,0.0,0.0,0.49660604019376536,0.2957807555984845,-0.002172950604897601,0.5036232981572962,0.0,0.0,0.0,0.4965878977628555,-0.29453959470897634,0.002748254050362682,0.5035098716114781,0.0,0.0,0.0
-0.030000009966438746,0.12741714703282034,0.7143676581963746,-0.00019586983630992674,-0.009415319913639135,0.002901078475114499,0.9999514473861281,-0.41761508329195857,0.017260148388265634,-0.019806585357572737,0.9570000099178267,-0.5201386255804561,-0.026034529099843655,-0.4150145753945377,-0.015888097428236606,0.004806638211774225,0.9570000099200762,-0.5225675852306184,0.01725028160747739,-0.0010212089267607448,0.0,0.0,0.49660604019376536,0.2957807555984845,-0.002172950604897601,0.5036232981572962,0.0,0.0,0.0,0.4965878977628555,-0.29453959470897634,0.002748254050362682,0.5035098716114781,0.0,0.0,0.0
-0.030000009966438746,0.12741714703282034,0.7143676581963746,-0.00019586983630992674,-0.009415319913639135,0.002901078475114499,0.9999514473861281,-0.41761508329195857,0.017260148388265634,-0.019806585357572737,0.9570000099178267,-0.5201386255804561,-0.026034529099843655,-0.4150145753945377,-0.015888097428236606,0.004806638211774225,0.9570000099200762,-0.5225675852306184,0.01725028160747739,-0.0010212089267607448,0.0,0.0,0.49660604019376536,0.2957807555984845,-0.002172950604897601,0.5036232981572962,0.0,0.0,0.0,0.4965878977628555,-0.29453959470897634,0.002748254050362682,0.5035098716114781,0.0,0.0,0.0
-0.014504393696772828,0.12742779169182497,0.7040052575309473,-0.0002401508222461443,0.023363274710220188,0.0024556906090924145,0.9997239965640666,-0.49790987127984965,0.017939013284905,-0.019574283339391027,1.0239783618777354,-0.5722945920751712,-0.02663974189427943,-0.4956811368952874,-0.015726253224939358,0.005948927767954117,1.0240537883077196,-0.574446652333993,0.017604503308539743,-0.0009111155152685751,0.0,0.0,0.5089585354308822,0.30128088491271293,0.00019444472834733467,0.5042789076610933,0.0,0.0,0.0,0.5089665025141049,-0.3004423885534676,0.00020060366642628687,0.5042361410500771,0.0,0.0,0.0
-0.0018873501735220029,0.1274296028934216,0.6928720875359254,-0.0003033196187971868,0.04982834477760838,0.001994899027554812,0.9987557581470069,-0.5673015154436353,0.01875913710517692,-0.01947448027205522,1.0898664596484484,-0.6216702232552073,-0.027279291445607944,-0.565403273957979,-0.015423477609168887,0.00708198942535214,1.0898802457278824,-0.6234479542122723,0.018005309794056838,-0.0007986813710586789,0.0,0.0,0.5232544276870142,0.29723001484890527,-0.0013505694704982996,0.511736388732744,0.0,0.0,0.0,0.5232996814225445,-0.2966696744474786,0.0016161016779632834,0.5117089533384536,0.0,0.0,0.0
0.006530628692779759,0.12742834671131975,0.6806402015451838,-0.00037585204572961013,0.06819980977052906,0.0015551483329035137,0.9976703995790224,-0.6261925552711705,0.019584383075286732,-0.019648598176358778,1.1592486340730663,-0.6688834494599465,-0.02794122151374909,-0.6245806699394313,-0.015036125639778129,0.008229848906773803,1.1591281122383434,-0.6702550630806676,0.01845386243829479,-0.0007541542553095735,0.0,0.0,0.529436853449816,0.2922766851462273,-0.0034009355535534916,0.5176017065914259,0.0,0.0,0.0,0.5294949731356031,-0.2918774837239014,0.00358792140552885,0.5175877429583731,0.0,0.0,0.0
0.010539278775713798,0.12742574441270077,0.6677163835380815,-0.00045353311987380044,0.0780267020834041,0.0011633803417547275,0.9969504875448316,-0.6734768374834563,0.020341693992282802,-0.02013061764988216,1.2307136507252283,-0.7126884656277622,-0.028666357258555864,-0.6721037427690099,-0.014610642826639288,0.009361468727084588,1.2304264585380584,-0.713664638161454,0.01894830073644217,-0.0007577970152857742,0.0,0.0,0.5286141869196833,0.28757807912329375,-0.005348304553751697,0.5211728715263735,0.0,0.0,0.0,0.5286765010284753,-0.2872935414297121,0.005479414833429553,0.5211714647100189,0.0,0.0,0.0
0.010310431412636692,0.12742259918353557,0.6544141331953593,-0.0005309340038388815,0.07975635036674723,0.0008336155434795845,0.9968138982630539,-0.7091525966081971,0.020980042631405,-0.020903901175295975,1.3027118463394942,-0.7525703693293597,-0.02944630811110476,-0.7079747817867245,-0.014186810949676157,0.010460087991966011,1.3022600337336294,-0.7531919443143585,0.019449187410365904,-0.0008025669470810093,0.0,0.0,0.5225591833435649,0.2834949292875112,-0.007025358105203364,0.522640216470429,0.0,0.0,0.0,0.5226202438001555,-0.28330497076573297,0.007110892552442224,0.5226495676998283,0.0,0.0,0.0
0.006413851084724987,0.12741963763169484,0.6409964220823265,-0.0006027705903418589,0.07427599501963227,0.0005587197594399013,0.9972373845096709,-0.7342068534492646,0.02146917598840659,-0.021921432050856123,1.3736741326164625,-0.7875768303709493,-0.030269006581490784,-0.7331982345148952,-0.013766141754898093,0.011545306981491196,1.3730827612977745,-0.7878912727810276,0.019908293705307382,-0.0008737091211687856,0.0,0.0,0.5136312200337171,0.2799321018252568,-0.008459727395907205,0.5227640315096458,0.0,0.0,0.0,0.5136849560407758,-0.2798193783865508,0.008508521352594467,0.5227798294146895,0.0,0.0,0.0
-0.0004968746210768065,0.12741655969137178,0.6277027387596437,-0.0006651257170028857,0.06283342205044717,0.0003439163939182203,0.9980237474142211,-0.7499527705688029,0.021778756417066045,-0.02313782902554159,1.4419262591164153,-0.8172373611986129,-0.031119129197332354,-0.7490859461421643,-0.01337321751533957,0.012609839785886935,1.4412306800621466,-0.8173044205965876,0.02039915998333,-0.0009709541506970452,0.0,0.0,0.5031531108434079,0.276752222400187,-0.009712466426559372,0.5221074032518571,0.0,0.0,0.0,0.503196510136036,-0.276675190868709,0.009743853096315256,0.522124059905217,0.0,0.0,0.0
-0.009723419618658928,0.12741319114003308,0.6148351098359837,-0.0007135420410499259,0.0468035410578739,0.00019346839104079835,0.9989038402029403,-0.757781226099075,0.02188515029947608,-0.024491425040058662,1.5055916653918178,-0.8410556019236094,-0.031971992651995046,-0.7570237243622188,-0.013030006786176915,0.013639532878236363,1.5048321408961938,-0.840950581936829,0.020909670115562617,-0.0010877143362895347,0.0,0.0,0.4919149790951041,0.2738896108460941,-0.010818743685848155,0.5210119336598928,0.0,0.0,0.0,0.4919438098997814,-0.27378341980473964,0.01086292342623046,0.5210213876580443,0.0,0.0,0.0
-0.020529773795425803,0.12740912980844749,0.6028120756823886,-0.0007432256232213158,0.027672533645841175,0.00011401816754774933,0.9996167593118627,-0.7590875609124651,0.021765858999436474,-0.02590957238886809,1.5625602524759017,-0.8583543420420805,-0.03279056408446375,-0.7583987706276347,-0.012762606555802306,0.014610923353993768,1.5617816458037506,-0.8581568273236603,0.021421949504262253,-0.0012149265475534085,0.0,0.0,0.4803718915589422,0.27140851031884067,-0.011762189769957177,0.5196079304525292,0.0,0.0,0.0,0.48037733782728,-0.2711680272833734,0.011868673975888701,0.5195995122722701,0.0,0.0,0.0
-0.032111383087475326,0.12740506752487044,0.5921761538018279,-0.0007363436248196821,0.00713447819821487,0.00012012403127927883,0.9999742709635696,-0.7553464190301057,0.021386953379412484,-0.02727605548896036,1.610500784252477,-0.86887690892497,-0.033516368463302894,-0.7546778693833878,-0.012585009197307638,0.01543170067847587,1.6097795024562158,-0.8687112776235523,0.0218292385774501,-0.001349170075489432,0.0,0.0,0.4687387176610586,0.2694244163844303,-0.012515073159809686,0.5178320064129321,0.0,0.0,0.0,0.4687243710403411,-0.26904307488215434,0.012686272642446343,0.517803197806568,0.0,0.0,0.0
-0.043499846352430996,0.12740079950138786,0.5835540029367696,-0.000693728488497981,-0.012763059800746789,0.00021872638491488475,0.9999182842633069,-0.7484210357304565,0.020775296353343194,-0.028491630392684975,1.6472427467954005,-0.8726700088148717,-0.03409343285225189,-0.7477035236597034,-0.01254561819975617,0.016042807875324656,1.6466433939940615,-0.8726700082793437,0.022105270921006778,-0.001525101099678316,0.0,0.0,0.45722970323031753,0.2680759535242876,-0.013049126983348515,0.5156274973423547,0.0,0.0,0.0,0.4572296843050449,-0.26752628650883026,0.013289216765344995,0.5155780884710065,0.0,0.0,0.0
-0.05326799510160446,0.12740030856418608,0.5769949828136823,-0.0006973244698453099,-0.029621637910487036,0.0002176901312811428,0.9995609160611926,-0.7410681062055376,0.020348526751426205,-0.029309089759592604,1.6736986892753851,-0.8726700093829899,-0.034402881309308346,-0.7403591743155311,-0.01230170843516811,0.016526424478181995,1.6731082061453804,-0.8726700093722927,0.022263957752087726,-0.0015864303868456749,0.0,0.0,0.4478971013210698,0.2673546207005203,-0.01335411339249096,0.5135299007317736,0.0,0.0,0.0,0.4478400494900074,-0.2666616362224969,0.013667107579363473,0.5134523474419985,0.0,0.0,0.0
-0.06000107083884115,0.1273982539640366,0.5722172525375457,-0.0006832773513084769,-0.04120736253358646,0.00027834148730232727,0.9991503435074739,-0.736392635319418,0.01992401559904819,-0.029898597067947886,1.692209409808061,-0.8726700092536696,-0.03458077413680338,-0.7356492386810874,-0.012271309023736163,0.0168239245661488,1.6916668508218422,-0.8726700091055838,0.022372288714101653,-0.0016728227219725436,0.0,0.0,0.4430310562454198,0.26723650576535435,-0.013406911405070963,0.5122832223935025,0.0,0.0,0.0,0.4429899819939728,-0.26630757064226707,0.013828059734611261,0.5121909534099028,0.0,0.0,0.0
-0.06327450118343558,0.1273988803105672,0.5697179044821145,-0.000680021745603033,-0.046274891249186774,0.0002722344157703896,0.9989284748663061,-0.7356502303893057,0.019802727096572437,-0.030142580782265747,1.7016129657917334,-0.8726700092423878,-0.0346355706697234,-0.7349191494417259,-0.012219855387708218,0.016984094032662565,1.7010818424640637,-0.8726700090555735,0.022379286254937743,-0.0017152863060366566,0.0,0.0,0.4415031245359233,0.267292434618692,-0.013401510413497134,0.5118187602913682,0.0,0.0,0.0,0.4414795368501782,-0.26631183244301904,0.013844588425161307,0.5117316523152468,0.0,0.0,0.0
-0.06290417881679332,0.12740646424467583,0.5696353645591683,-0.0006923045967338489,-0.04453569203046679,9.591784201613752e-05,0.9990075493455894,-0.7392552165896994,0.02010851084240717,-0.029977805808298653,1.7017390962257408,-0.8726700092193976,-0.03456936168578338,-0.7385241943855472,-0.011973115216399806,0.017098035833944952,1.7012033856260438,-0.8726700092141036,0.02226538625705888,-0.0016174884813600504,0.0,0.0,0.44312307700424314,0.2673378192109485,-0.013404714755087109,0.5122061980082586,0.0,0.0,0.0,0.4430267257996523,-0.2665792682978012,0.013753671453611298,0.5121135856327705,0.0,0.0,0.0
-0.05906395690797754,0.12740664067314927,0.5719183136799673,-0.0006836229813454183,-0.03636641825855518,8.562770545772152e-05,0.9993382855422678,-0.7465322378189395,0.020292284647127425,-0.0296439165412729,1.692664858672806,-0.8726700093867107,-0.034329253415798365,-0.7458124772006203,-0.012009868079348708,0.016976356826757105,1.692138978320433,-0.8726700093435372,0.022087209867335495,-0.0015872939404326446,0.0,0.0,0.447417949477347,0.2675770912386886,-0.013336642619000673,0.5133039785961404,0.0,0.0,0.0,0.44735393777219246,-0.2669112120980523,0.013640579139851918,0.513226844955068,0.0,0.0,0.0
-0.05213631252468145,0.12740830433984043,0.5762327135069113,-0.000666291600649992,-0.02282906784341402,7.201752586767285e-05,0.9997391582459796,-0.7561634776856102,0.020566829309446994,-0.029056969154972155,1.6752100104270935,-0.8726700095426935,-0.0339546778182601,-0.7554646346466792,-0.012155730394626457,0.01670403821939909,1.6747036547597345,-0.8726700095149234,0.021831212033331587,-0.0015298392366439944,0.0,0.0,0.4547782028971761,0.2680692884210779,-0.013168091627544145,0.5150945536875947,0.0,0.0,0.0,0.4547455234905184,-0.2674970066856664,0.013424781903438834,0.5150300694162272,0.0,0.0,0.0
-0.04282103637200238,0.12741090816517242,0.5820108533307836,-0.0006784229513095827,-0.005880222533151633,1.6583119154922e-05,0.9999824810716736,-0.7658615692373832,0.020976607428122483,-0.028116119696720676,1.6510105271454987,-0.8726700091121337,-0.03331908196787307,-0.7651834865835793,-0.01226545974123387,0.01628021897714895,1.6504362832200565,-0.872670008824969,0.02149460137716812,-0.0014392028876852045,0.0,0.0,0.4661063845990703,0.26927078259117704,-0.012678953175768257,0.5173996134749482,0.0,0.0,0.0,0.4661241128750481,-0.2686897430000923,0.012938747712677291,0.5173525538315027,0.0,0.0,0.0
-0.03292058141912772,0.12742062922607197,0.5899102704914455,-0.000721776009438295,0.011741066272873699,-0.0001570024545731437,0.9999307984817737,-0.7716581315810631,0.021653756599757306,-0.026867834688281588,1.6165720882391446,-0.8677550848335973,-0.0325492549068899,-0.7711144953071575,-0.012154124863358871,0.01579409880010068,1.6158699764714184,-0.867500813965737,0.021050271193592554,-0.0012556426490160724,0.0,0.0,0.4778673951345376,0.27100443306851624,-0.011986723514846696,0.5191754861919984,0.0,0.0,0.0,0.4778715322640584,-0.2707363133588636,0.012108449952894312,0.5191565924866735,0.0,0.0,0.0
-0.024101419660679364,0.12742986062874206,0.6003088055846498,-0.0007449332543296855,0.02745464618500259,-0.00024429476344402863,0.9996227427371646,-0.7703761203238554,0.022096739627276245,-0.02546683464499694,1.569911822815177,-0.8538846898049061,-0.031596532937313536,-0.7698819212780514,-0.012184982567120368,0.015143395025435004,1.5691086168467205,-0.8534886892198781,0.02052418528719082,-0.0011236331846731127,0.0,0.0,0.4869651159941929,0.27335935820140345,-0.011064530226548023,0.519746474248552,0.0,0.0,0.0,0.4869815285843144,-0.2732531926880614,0.01111230983838108,0.51974381175653,0.0,0.0,0.0
-0.01715818572921345,0.12743813060789896,0.6126282626286328,-0.0007455551175437098,0.03960984441010041,-0.00025001432875815753,0.9992149127521115,-0.7606288253598432,0.022279702419198813,-0.024007957298652238,1.5133280714409185,-0.8314448808633574,-0.030525743632192584,-0.760113361880223,-0.012326829139744318,0.01438558894863612,1.51246033444166,-0.8310147463783065,0.019945361740878825,-0.0010252407457251194,0.0,0.0,0.4934574768592006,0.27624305738617816,-0.009930241662878278,0.5192059783697758,0.0,0.0,0.0,0.4934811838367467,-0.27612879282352043,0.009982804282757416,0.519209112007887,0.0,0.0,0.0
-0.012379180520030219,0.12744820932790707,0.6262403246016621,-0.0007002198645353976,0.047620063786497115,-0.00019291656716519253,0.9988652571795205,-0.7424110809135113,0.022194993162447645,-0.02251036172814853,1.4492942293788043,-0.8017347616312538,-0.029384028778725327,-0.7418581680300442,-0.012467155431237319,0.013494805807990472,1.448462009488688,-0.8013867472021856,0.019184771078769577,-0.0009305649813723125,0.0,0.0,0.4978885381643643,0.27935933415449626,-0.008701484124123042,0.5178148247690142,0.0,0.0,0.0,0.4979179700208681,-0.2793793329534523,0.008691433483762409,0.5178267742437342,0.0,0.0,0.0
-0.009728166846524566,0.12745814051306925,0.6405520726006242,-0.0006431644786472009,0.0515718760702671,-9.410742568702002e-05,0.9986690738587226,-0.7165490787212324,0.021949089058235307,-0.021087921537835105,1.380117249266775,-0.7664034535818882,-0.028244245847038267,-0.7159364211446272,-0.01264192166264134,0.012600906123457734,1.3793494654384024,-0.7661880732067081,0.018440862082497553,-0.0008565633296489417,0.0,0.0,0.5009216370010423,0.28273327672719717,-0.00735137047473045,0.5158355284749526,0.0,0.0,0.0,0.5009481390427932,-0.2828081449007114,0.007315994444450101,0.515849321144947,0.0,0.0,0.0
-0.009030300056638109,0.12746798212674304,0.6550406019628245,-0.0005779092741419748,0.051828099625899134,3.0950051983975244e-05,0.998655853210771,-0.6841485793239362,0.021594716281371606,-0.01977204418305592,1.3077638180654783,-0.7270347034487293,-0.02714325988271247,-0.6834699376601502,-0.01283184322635501,0.011729269891051861,1.3070863376416186,-0.7269830206188416,0.017732009033182113,-0.0008071113713665588,0.0,0.0,0.5030924824941946,0.2863267664937789,-0.005888534934669734,0.5134434045824546,0.0,0.0,0.0,0.5031158703196766,-0.2864019809224158,0.0058531673635880445,0.5134551408080473,0.0,0.0,0.0
-0.010153215336703025,0.1274777340095183,0.669254592404325,-0.0005069225335626292,0.048820989242480524,0.00016822142537126672,0.9988074017249184,-0.6462069829703492,0.02118417306161867,-0.018576008332276423,1.2339551170266863,-0.6852179519622364,-0.026177827704489676,-0.6454691233458631,-0.013023030292132766,0.010897901752541036,1.233392000036551,-0.6853460973863171,0.01706977611674412,-0.0007849478295952237,0.0,0.0,0.504311792017726,0.2901567340203838,-0.004306697958028769,0.5106095522023383,0.0,0.0,0.0,0.5043357404935792,-0.2901991858972668,0.004286567614580655,0.5106180227399049,0.0,0.0,0.0
-0.012896175015767267,0.1274870378250944,0.682812007916674,-0.00043322504878738686,0.04275363288046308,0.0002909523659695132,0.9990855091223676,-0.6037426309265721,0.02076977123061661,-0.017489235458492184,1.160320685703355,-0.641973485193299,-0.02531024991000232,-0.6029742258636498,-0.013173636018510102,0.010144922921589434,1.1598910227726542,-0.6422714879956679,0.016457013200720204,-0.0007823366056889399,0.0,0.0,0.5048974366284615,0.2941343107978368,-0.002634967105639351,0.507511090050319,0.0,0.0,0.0,0.5049221044117191,-0.29410388991838443,0.0026488020196048755,0.5075124169807808,0.0,0.0,0.0
-0.017173621899365218,0.12749445271474613,0.6953813963664429,-0.0003621731437316972,0.03374956511479046,0.0003905167508387833,0.9994301792430744,-0.5575362746706303,0.020380459736765708,-0.016518721182028812,1.0884732999482192,-0.5983851780947131,-0.024532394368858686,-0.5567657737351966,-0.013270702641463466,0.009483796194593766,1.0881848353850172,-0.5988319798748083,0.015993042117752754,-0.0008014393995788095,0.0,0.0,0.5043903969692377,0.2980403537564533,-0.0009651649333231411,0.5042410708425494,0.0,0.0,0.0,0.5044149781079434,-0.29786038533201675,0.001048801547831746,0.5042277190315484,0.0,0.0,0.0
-0.02292791539497308,0.1274983024591321,0.706689534260595,-0.000297081247004356,0.021846331597835604,0.00046608467177474544,0.9997611876360919,-0.508260950523402,0.020027488123636878,-0.01567374419755802,1.0199924923902042,-0.5554391831686393,-0.023849574467855697,-0.5075111680674826,-0.013306008787393528,0.008914493802275091,1.019845585057033,-0.55601181040763,0.015570927744538313,-0.0008398672619549345,0.0,0.0,0.5019464140344739,0.30129670897388355,0.0004393845069197088,0.5010177398561302,0.0,0.0,0.0,0.5019669263732127,-0.3008569190857951,-0.00023394796364691612,0.5009785175381655,0.0,0.0,0.0
-0.030000009911135314,0.12749755196357374,0.7164282233714091,-0.00023606609320198793,0.007208569768693553,0.000500325206495988,0.9999738648931668,-0.45700000806403274,0.019735386499244816,-0.014934289957772033,0.9570000099043942,-0.5145047918629616,-0.023353993857194257,-0.4563092182149066,-0.013266910479344191,0.008480335744465852,0.9570000099083998,-0.5151708103787228,0.015271959600315202,-0.0008522859063664143,0.0,0.0,0.4962310812177834,0.3014561116402676,0.000462206554207357,0.4990411869330003,0.0,0.0,0.0,0.49621318662405456,-0.3006033015412861,-4.27648800367964e-05,0.4990018401552588,0.0,0.0,0.0
-0.030000009911135314,0.12749755196357374,0.7164282233714091,-0.00023606609320198793,0.007208569768693553,0.000500325206495988,0.9999738648931668,-0.45700000806403274,0.019735386499244816,-0.014934289957772033,0.9570000099043942,-0.5145047918629616,-0.023353993857194257,-0.4563092182149066,-0.013266910479344191,0.008480335744465852,0.9570000099083998,-0.5151708103787228,0.015271959600315202,-0.0008522859063664143,0.0,0.0,0.4962310812177834,0.3014561116402676,0.000462206554207357,0.4990411869330003,0.0,0.0,0.0,0.49621318662405456,-0.3006033015412861,-4.27648800367964e-05,0.4990018401552588,0.0,0.0,0.0
-0.030000009911135314,0.12749755196357374,0.7164282233714091,-0.00023606609320198793,0.007208569768693553,0.000500325206495988,0.9999738648931668,-0.45700000806403274,0.019735386499244816,-0.014934289957772033,0.9570000099043942,-0.5145047918629616,-0.023353993857194257,-0.4563092182149066,-0.013266910479344191,0.008480335744465852,0.9570000099083998,-0.5151708103787228,0.015271959600315202,-0.0008522859063664143,0.0,0.0,0.4962310812177834,0.3014561116402676,0.000462206554207357,0.4990411869330003,0.0,0.0,0.0,0.49621318662405456,-0.3006033015412861,-4.27648800367964e-05,0.4990018401552588,0.0,0.0,0.0
-0.030000009911135314,0.12749755196357374,0.7164282233714091,-0.00023606609320198793,0.007208569768693553,0.000500325206495988,0.9999738648931668,-0.45700000806403274,0.019735386499244816,-0.014934289957772033,0.9570000099043942,-0.5145047918629616,-0.023353993857194257,-0.4563092182149066,-0.013266910479344191,0.008480335744465852,0.9570000099083998,-0.5151708103787228,0.015271959600315202,-0.0008522859063664143,0.0,0.0,0.4962310812177834,0.3014561116402676,0.000462206554207357,0.4990411869330003,0.0,0.0,0.0,0.49621318662405456,-0.3006033015412861,-4.27648800367964e-05,0.4990018401552588,0.0,0.0,0.0
-0.030000009911135314,0.12749755196357374,0.7164282233714091,-0.00023606609320198793,0.007208569768693553,0.000500325206495988,0.9999738648931668,-0.45700000806403274,0.019735386499244816,-0.014934289957772033,0.9570000099043942,-0.5145047918629616,-0.023353993857194257,-0.4563092182149066,-0.013266910479344191,0.008480335744465852,0.9570000099083998,-0.5151708103787228,0.015271959600315202,-0.0008522859063664143,0.0,0.0,0.4962310812177834,0.3014561116402676,0.000462206554207357,0.4990411869330003,0.0,0.0,0.0,0.49621318662405456,-0.3006033015412861,-4.27648800367964e-05,0.4990018401552588,0.0,0.0,0.0
-0.030000009911135314,0.12749755196357374,0.7164282233714091,-0.00023606609320198793,0.007208569768693553,0.000500325206495988,0.9999738648931668,-0.45700000806403274,0.019735386499244816,-0.014934289957772033,0.9570000099043942,-0.5145047918629616,-0.023353993857194257,-0.4563092182149066,-0.013266910479344191,0.008480335744465852,0.9570000099083998,-0.5151708103787228,0.015271959600315202,-0.0008522859063664143,0.0,0.0,0.4962310812177834,0.3014561116402676,0.000462206554207357,0.4990411869330003,0.0,0.0,0.0,0.49621318662405456,-0.3006033015412861,-4.27648800367964e-05,0.4990018401552588,0.0,0.0,0.0
-0.030000009911135314,0.12749755196357374,0.7164282233714091,-0.00023606609320198793,0.007208569768693553,0.000500325206495988,0.9999738648931668,-0.45700000806403274,0.019735386499244816,-0.014934289957772033,0.9570000099043942,-0.5145047918629616,-0.023353993857194257,-0.4563092182149066,-0.013266910479344191,0.008480335744465852,0.9570000099083998,-0.5151708103787228,0.015271959600315202,-0.0008522859063664143,0.0,0.0,0.4962310812177834,0.3014561116402676,0.000462206554207357,0.4990411869330003,0.0,0.0,0.0,0.49621318662405456,-0.3006033015412861,-4.27648800367964e-05,0.4990018401552588,0.0,0.0,0.0
-0.030000009911135314,0.12749755196357374,0.7164282233714091,-0.00023606609320198793,0.007208569768693553,0.000500325206495988,0.9999738648931668,-0.45700000806403274,0.019735386499244816,-0.014934289957772033,0.9570000099043942,-0.5145047918629616,-0.023353993857194257,-0.4563092182149066,-0.013266910479344191,0.008480335744465852,0.9570000099083998,-0.5151708103787228,0.015271959600315202,-0.0008522859063664143,0.0,0.0,0.4962310812177834,0.3014561116402676,0.000462206554207357,0.4990411869330003,0.0,0.0,0.0,0.49621318662405456,-0.3006033015412861,-4.27648800367964e-05,0.4990018401552588,0.0,0.0,0.0
-0.030000009911135314,0.12749755196357374,0.7164282233714091,-0.00023606609320198793,0.007208569768693553,0.000500325206495988,0.9999738648931668,-0.45700000806403274,0.019735386499244816,-0.014934289957772033,0.9570000099043942,-0.5145047918629616,-0.023353993857194257,-0.4563092182149066,-0.013266910479344191,0.008480335744465852,0.9570000099083998,-0.5151708103787228,0.015271959600315202,-0.0008522859063664143,0.0,0.0,0.4962310812177834,0.3014561116402676,0.000462206554207357,0.4990411869330003,0.0,0.0,0.0,0.49621318662405456,-0.3006033015412861,-4.27648800367964e-05,0.4990018401552588,0.0,0.0,0.0
-0.030000009911135314,0.12749755196357374,0.7164282233714091,-0.00023606609320198793,0.007208569768693553,0.000500325206495988,0.9999738648931668,-0.45700000806403274,0.019735386499244816,-0.014934289957772033,0.9570000099043942,-0.5145047918629616,-0.023353993857194257,-0.4563092182149066,-0.013266910479344191,0.008480335744465852,0.9570000099083998,-0.5151708103787228,0.015271959600315202,-0.0008522859063664143,0.0,0.0,0.4962310812177834,0.3014561116402676,0.000462206554207357,0.4990411869330003,0.0,0.0,0.0,0.49621318662405456,-0.3006033015412861,-4.27648800367964e-05,0.4990018401552588,0.0,0.0,0.0
-0.030000009911135314,0.12749755196357374,0.7164282233714091,-0.00023606609320198793,0.007208569768693553,0.000500325206495988,0.9999738648931668,-0.45700000806403274,0.019735386499244816,-0.014934289957772033,0.9570000099043942,-0.5145047918629616,-0.023353993857194257,-0.4563092182149066,-0.013266910479344191,0.008480335744465852,0.9570000099083998,-0.5151708103787228,0.015271959600315202,-0.0008522859063664143,0.0,0.0,0.4962310812177834,0.3014561116402676,0.000462206554207357,0.4990411869330003,0.0,0.0,0.0,0.49621318662405456,-0.3006033015412861,-4.27648800367964e-05,0.4990018401552588,0.0,0.0,0.0
-0.030000009911135314,0.12749755196357374,0.7164282233714091,-0.00023606609320198793,0.007208569768693553,0.000500325206495988,0.9999738648931668,-0.45700000806403274,0.019735386499244816,-0.014934289957772033,0.9570000099043942,-0.5145047918629616,-0.023353993857194257,-0.4563092182149066,-0.013266910479344191,0.008480335744465852,0.9570000099083998,-0.5151708103787228,0.015271959600315202,-0.0008522859063664143,0.0,0.0,0.4962310812177834,0.3014561116402676,0.000462206554207357,0.4990411869330003,0.0,0.0,0.0,0.49621318662405456,-0.3006033015412861,-4.27648800367964e-05,0.4990018401552588,0.0,0.0,0.0
